HumanUserID;reply2bot;reply2human;replyNotAvail;RwBotOr;RwHumOr;isCredulous753
217615594;13;109;3;169;571;t
2243809497;6;65;19;31;291;t
2244762307;0;6;1;0;0;t
2273637470;12;106;2;77;539;t
2275266018;9;1;0;859;1505;t
2277340458;13;284;31;81;960;t
229298733;67;411;11;44;351;t
2310280190;178;437;7;28;686;t
2321395147;9;60;2;245;2046;t
2329415154;17;41;0;75;229;t
2332729243;3;473;1;228;1469;t
2334424716;3;24;3;58;146;t
233444535;42;122;9;286;749;t
2339482580;5;44;1;185;1718;t
2361870980;0;3;0;1;4;t
2362930014;2;39;0;120;305;t
2376714811;366;751;0;14;323;t
2379422593;488;741;5;264;670;t
238588883;5;59;4;58;123;t
2385910022;0;2;1;23;62;t
241240275;0;1;0;0;0;t
2419662654;48;566;63;277;419;t
243926487;72;256;48;225;251;t
2444483352;10;238;6;15;192;t
2444804780;0;1;1;0;0;t
244808030;1;14;0;0;1;t
245970658;37;244;1;61;367;t
2462247966;36;161;12;148;787;t
2476208768;6;36;1;119;296;t
2481200448;1;19;0;44;141;t
2499922645;64;439;38;69;234;t
250019502;5;242;1;146;608;t
250645562;74;579;15;57;691;t
2527442282;19;12;4;3;9;t
2532135561;7;79;8;378;1149;t
25507308;19;177;8;1;14;t
2558169572;81;219;18;126;549;t
256051523;216;433;19;53;231;t
2577843735;0;0;0;0;0;t
259139318;5;335;0;311;2228;t
2596423866;61;812;33;141;778;t
263920631;55;128;4;701;916;t
2641211740;4;103;2;3;15;t
2642655806;10;17;7;25;40;t
2675983039;11;161;23;54;173;t
2688868016;612;119;2;55;545;t
270472440;16;870;1;37;580;t
271458239;17;172;19;91;630;t
272121120;10;187;2;39;392;t
2752242934;1;4;2;151;309;t
2763354004;4;107;4;179;1820;t
2783924411;25;2;0;0;0;t
2790601415;14;56;14;109;155;t
2792443824;6;5;0;755;1835;t
2805340929;12;251;26;19;210;t
2840542213;3;812;0;58;879;t
2844553761;4;230;2;47;242;t
2846410981;104;927;29;27;188;t
2855099577;0;0;0;5;30;t
2856856405;23;17;1;6;98;t
2859962410;34;811;37;56;488;t
2877305570;114;330;10;348;1283;t
2889365683;53;848;36;112;698;t
2899116833;19;34;1;85;167;t
290494853;94;1638;21;22;409;t
2906440417;424;796;9;89;341;t
290734286;196;1675;0;52;446;t
290925883;8;111;3;9;203;t
291594394;118;955;4;68;524;t
2916170922;152;807;45;102;600;t
2917922532;5;25;1;14;39;t
293359929;36;118;4;0;1;t
2942417632;5;4;4;522;238;t
296178601;7;13;2;1;1;t
3008527726;0;0;0;0;2;t
301071486;0;0;0;184;1879;t
3013763124;0;19;1;32;38;t
30638954;69;394;0;314;1265;t
3064106563;7;125;21;141;568;t
311505461;1;7;0;0;6;t
3134399143;354;222;14;463;716;t
314030119;26;383;8;24;198;t
315458934;3;130;2;104;261;t
3163287565;2;34;1;297;1893;t
317296274;2;11;0;0;28;t
317336535;29;337;3;234;1713;t
318768709;20;72;3;104;180;t
321281383;43;536;34;105;452;t
329103684;8;318;3;69;231;t
329481796;60;618;1;51;223;t
32988810;94;673;49;294;762;t
3342780699;1;61;7;177;1220;t
335837698;2;7;0;7;113;t
338031335;1;0;0;0;0;t
341146276;4;26;2;2;22;t
3418250561;36;161;1;10;108;t
342527071;40;512;31;96;289;t
343307517;3;63;0;10;91;t
345318456;16;45;6;872;1911;t
357897494;32;227;5;2;149;t
358733502;1;14;0;7;74;t
36174874;16;52;1;10;59;t
362075658;162;473;2;113;570;t
362675330;0;19;0;40;336;t
364275391;18;148;5;28;327;t
364545427;7;562;14;173;937;t
365665311;24;838;0;57;1042;t
365993895;8;90;0;12;67;t
36897295;46;242;14;67;304;t
370595287;20;116;0;13;110;t
376821900;16;48;4;2;40;t
378028393;0;1;0;4;6;t
378228984;16;98;1;11;58;t
381666513;152;964;48;67;550;t
382525185;10;457;9;129;1223;t
383292062;5;80;0;13;80;t
383825758;24;65;0;9;56;t
389652102;2;68;0;56;437;t
389715862;0;4;0;11;60;t
391572279;5;148;2;13;50;t
393480403;228;1315;22;30;212;t
393980520;2;62;0;2;41;t
396515695;6;36;0;28;206;t
39661642;2;3;0;3;12;t
396625283;13;273;3;10;97;t
400300086;9;513;0;42;870;t
401575582;18;1273;6;137;489;t
402955893;1;11;0;2;26;t
406165467;99;907;27;13;110;t
407689676;24;406;1;65;462;t
407770732;23;507;3;149;304;t
40831469;276;193;1;75;607;t
409118790;48;97;3;63;301;t
410403665;0;1;0;0;1;t
418140622;8;115;0;25;218;t
418641071;3;14;0;1;33;t
421847529;8;27;1;47;508;t
425759519;91;542;12;12;136;t
425908255;5;40;2;1;27;t
4264220174;1;176;16;114;826;t
433304048;10;128;2;26;337;t
434591482;25;210;3;35;198;t
438437579;21;119;0;5;35;t
438955880;11;156;3;71;345;t
439704967;71;650;4;60;464;t
439875805;8;82;0;19;183;t
441483457;199;812;13;258;936;t
443030647;50;367;0;225;827;t
44857059;4;35;1;33;377;t
450891761;21;258;0;18;186;t
45110939;8;33;1;0;7;t
453052223;0;51;0;0;4;t
45434489;23;112;7;12;96;t
457808323;179;225;8;288;215;t
459680754;15;147;0;74;577;t
463045937;1;9;8;0;1;t
465431316;5;218;0;196;1801;t
466686655;1;6;0;0;28;t
469306120;265;795;101;99;584;t
469580096;34;211;2;118;185;t
470227974;85;347;1;73;333;t
475175670;83;358;2;181;816;t
476264444;0;25;0;1;32;t
476496615;333;347;83;49;193;t
477087533;6;13;1;0;10;t
478994018;10;85;1;44;304;t
479815906;31;82;0;18;64;t
480715104;45;775;21;171;1289;t
481016648;3;300;0;23;330;t
481632109;1;21;0;6;50;t
482131412;2;21;0;109;737;t
48357793;33;296;1;1;11;t
486198118;21;91;0;19;124;t
486966473;52;764;22;109;791;t
492516531;9;448;19;103;551;t
495077879;0;34;0;231;2882;t
496968634;44;283;10;34;147;t
497258691;11;121;0;13;86;t
501764279;43;770;8;50;569;t
50357236;107;1343;22;27;113;t
50650272;17;74;3;1;65;t
50797260;0;0;0;1;4;t
512740942;30;210;0;0;78;t
52053744;1;9;0;6;12;t
522559673;111;1120;42;59;224;t
531007524;84;432;43;693;589;t
53102055;196;505;15;397;1904;t
53375745;18;104;8;64;213;t
535537105;46;412;41;146;716;t
536512353;2;82;0;0;26;t
545291748;7;33;4;2;5;t
546533556;7;722;11;143;377;t
546624895;3;8;0;0;0;t
548938182;24;346;39;97;809;t
553617306;15;645;7;59;615;t
556451163;110;75;1;86;197;t
557842655;0;2;0;0;0;t
562125685;36;504;5;37;186;t
563452765;0;5;2;17;30;t
564963576;8;78;1;3;62;t
565292271;10;17;1;0;0;t
566807971;28;313;10;63;234;t
571938412;27;26;1;46;232;t
573824373;10;82;0;84;264;t
574488060;2;261;1;40;141;t
576967621;9;185;4;197;989;t
581136968;25;66;0;10;126;t
581407038;4;14;0;39;206;t
58436154;18;84;0;5;20;t
587515464;30;190;4;29;291;t
589910604;36;161;61;98;79;t
591104103;8;562;2;29;404;t
599736873;1;22;1;7;13;t
600867440;15;299;2;187;380;t
603047832;12;215;4;116;927;t
603243453;9;34;1;6;62;t
605838742;4;324;45;429;847;t
608022298;18;328;1;27;272;t
610896066;11;239;4;254;1316;t
612129754;26;573;10;157;235;t
6134312;14;215;0;23;173;t
614133542;7;42;1;25;374;t
614249086;0;2;0;1;95;t
61452320;37;70;3;15;82;t
620078665;8;100;1;80;156;t
624058980;6;206;0;15;40;t
630544784;2;190;11;20;222;t
631835073;8;286;1;5;100;t
632805096;17;283;2;30;740;t
636107261;4;55;4;17;101;t
636709756;23;907;28;39;178;t
705736374;0;0;0;44;205;t
707526853;5;1175;2;9;38;t
709681854;62;544;22;200;817;t
715489820;21;454;118;38;153;t
725675244;2;62;0;15;184;t
726845964;35;208;2;6;53;t
735482582;0;1;0;0;0;t
750948720;176;670;2;38;1183;t
1010619756;5;12;2;5;33;t
1014830304;8;163;2;205;483;t
751144658;76;484;127;160;1493;t
1029836556;38;263;5;100;388;t
1037384052;153;1428;24;123;658;t
103954508;10;100;11;92;193;t
1051543620;49;385;40;307;695;t
1058497004;0;1;0;0;3;t
1064278820;1;6;0;3;19;t
1090138922;0;31;0;10;183;t
1099915572;10;169;1;35;278;t
111054613;2;14;0;0;42;t
754659732;1;4;1;53;132;t
770351910;42;187;46;215;932;t
806660965;1;29;0;1;87;t
832044601;1;16;0;0;12;t
839690880;74;667;9;36;340;t
85058609;5;50;6;181;220;t
85850428;2;2;0;0;1;t
86125841;107;904;17;132;717;t
862068776;18;138;12;234;651;t
913305372;9;91;0;80;1590;t
913455692;13;61;0;13;74;t
924714103;0;3;0;49;1080;t
927653365;0;0;0;0;0;t
931226863;1;137;14;122;834;t
942553597;17;601;5;19;354;t
944670684;69;286;11;50;121;t
958530558;1;19;1;8;493;t
971643848;0;0;0;0;1;t
974434579;33;129;7;98;396;t
1126202310;18;194;0;40;489;t
1130868744;1;48;0;6;50;t
1135530474;24;531;20;183;455;t
114541436;35;158;7;12;47;t
118386377;14;84;3;15;266;t
121080165;54;363;20;82;266;t
1223669587;95;156;12;386;1134;t
122721332;6;45;1;33;56;t
125088832;29;227;1;4;53;t
1326731076;1;143;4;171;386;t
1386890102;4;27;3;180;663;t
1387377110;22;165;5;181;981;t
1395374546;5;121;0;33;511;t
1398673159;22;135;25;246;625;t
141223622;12;90;3;107;261;t
1442637312;19;156;9;4;17;t
14492555;2;147;0;6;40;t
1449847652;0;3;0;0;2;t
14516139;8;59;0;20;123;t
147528665;3;12;1;34;94;t
153439655;55;805;20;148;758;t
154197349;20;70;0;19;89;t
1543392469;1;165;0;26;205;t
1567482860;0;12;1;1;6;t
15682749;58;805;1;3;70;t
1624050403;2;24;3;205;1167;t
1629520862;29;379;33;49;327;t
1664948012;28;112;15;55;143;t
16649872;8;215;13;39;109;t
1669774705;2;54;2;120;2414;t
1684391718;49;206;7;225;1730;t
170745775;8;54;0;4;74;t
181191549;18;108;3;15;75;t
183638275;0;0;0;0;0;t
1911524743;19;542;42;88;1153;t
197602470;32;213;7;13;140;t
987656269;10;43;1;9;103;t
989639142;2;5;0;2;11;t
993583230;44;256;4;66;703;t
198656514;62;284;3;6;9;t
20219315;66;576;10;58;190;t
202602943;6;189;0;215;308;t
203036898;255;565;3;1044;869;t
20455924;33;517;4;23;268;t
217350735;11;38;0;13;73;t
1136566969;54;409;14;189;891;t
1567476296;80;162;177;66;249;f
1571050015;45;592;40;47;391;f
1574855022;8;32;0;110;2543;f
1576039274;122;317;5;213;653;f
157604170;16;333;0;15;242;f
157809852;135;1251;32;14;181;f
1578638418;15;155;1;206;1466;f
157982762;17;340;2;15;103;f
1583243996;3;77;2;145;2845;f
1587037303;528;686;21;195;301;f
1587069900;44;82;2;6;7;f
1587171373;73;355;38;57;696;f
158821864;148;1749;112;12;267;f
158859711;107;26;2;124;285;f
1599782558;2;14;3;126;1255;f
16002194;36;754;21;47;989;f
160302029;19;355;18;36;875;f
1604160445;38;267;3;16;264;f
160883386;20;100;2;16;67;f
161612145;51;502;13;75;656;f
1620466530;5;267;7;28;1019;f
1624666039;9;457;5;70;1039;f
1624682809;6;135;4;75;1163;f
1630615782;11;511;2;149;165;f
163523407;25;177;30;237;1279;f
163932767;5;276;5;1;41;f
164074870;59;247;4;32;311;f
1641056737;14;162;18;66;523;f
164284493;22;259;1;204;937;f
16459227;167;1520;11;41;294;f
1645989175;71;322;27;232;787;f
16484978;71;2001;14;39;659;f
164940888;67;744;50;19;198;f
1649895942;8;35;0;628;1555;f
165042220;6;274;0;8;72;f
1654056680;28;254;50;138;1059;f
16551714;41;1013;21;26;884;f
1655718626;18;212;0;52;796;f
16570956;28;177;0;160;316;f
1658187564;1;36;0;211;1312;f
1658247169;33;211;0;139;492;f
1658632219;0;2;0;0;2;f
1659710504;16;677;11;7;139;f
166046142;28;226;8;92;605;f
166094049;16;248;17;145;1276;f
1661700032;7;52;6;97;763;f
1662017995;59;1110;114;43;602;f
166211662;19;276;38;171;713;f
1662847039;35;397;7;68;759;f
1664238487;22;650;3;282;1057;f
1664307984;14;504;22;112;723;f
1671101821;33;212;65;27;364;f
1675170325;5;91;0;3;111;f
167639858;14;210;1;32;57;f
1676579581;27;42;0;36;98;f
1676639478;310;1915;17;29;295;f
1678138165;85;358;14;75;477;f
1680440839;8;325;0;56;639;f
1682290266;16;819;14;49;596;f
1682374855;20;1692;57;16;188;f
1686033637;16;103;0;413;2654;f
1688566994;22;440;2;244;669;f
1690030831;86;987;77;106;382;f
169035705;3;317;0;7;18;f
169157567;82;1416;62;65;835;f
1691697900;4;23;2;210;2468;f
16927266;32;384;9;121;916;f
169779207;197;1564;97;42;182;f
170217521;22;117;2;13;446;f
1703075480;7;411;97;134;1259;f
170352080;25;599;12;111;915;f
170642321;251;1112;13;61;184;f
17085112;0;0;0;0;0;f
170923442;21;365;0;21;239;f
1712224658;11;333;7;6;100;f
171422343;65;708;31;79;905;f
1715023975;82;261;107;151;1074;f
1715241043;1;740;1;21;325;f
171691600;0;260;1;83;324;f
1717666435;0;5;0;0;0;f
171958370;350;885;77;42;61;f
171971541;2;0;0;1;0;f
171972995;68;274;19;46;431;f
1719992982;262;1292;77;58;288;f
172393943;99;299;3;60;1239;f
1727495887;41;257;28;69;364;f
17294882;1;10;0;2;1993;f
27327680;26;247;10;8;76;f
1733822028;75;981;73;57;598;f
17421795;14;790;0;70;344;f
174256925;26;140;16;13;162;f
174430412;3;94;3;357;1677;f
17498356;3;8;0;21;69;f
17588849;5;547;4;54;244;f
176469051;163;606;4;15;126;f
177909572;75;1029;17;71;475;f
17852114;6;67;1;9;122;f
178629201;65;728;4;28;78;f
178723576;62;1842;28;4;60;f
17992531;13;53;1;10;55;f
180573776;34;515;0;209;935;f
181152803;13;90;0;81;1016;f
181191283;62;1834;40;36;787;f
182211050;33;2359;6;3;50;f
182276961;75;202;3;234;617;f
182592178;124;680;16;181;864;f
182606756;18;296;4;29;289;f
1832476196;102;967;34;83;656;f
183247631;40;554;2;54;1000;f
183511605;21;464;9;94;445;f
183559621;62;1072;40;35;174;f
183760147;13;130;2;15;322;f
1838636550;30;513;12;76;605;f
183959464;19;410;2;53;387;f
184273398;66;699;24;55;649;f
18433843;36;1252;0;231;540;f
18463828;64;489;2;27;363;f
184899969;51;1458;11;59;649;f
185390609;4;182;2;222;2204;f
185771893;18;129;0;71;560;f
1860371966;135;414;2;175;1564;f
1862083502;34;291;0;28;790;f
186325236;20;217;3;322;177;f
186855547;0;27;1;8;97;f
187262210;19;151;15;13;129;f
18735790;8;138;0;24;289;f
1874015534;108;366;0;183;1439;f
187536784;21;1726;27;14;413;f
18764906;12;801;0;136;1715;f
1877304734;0;204;20;161;2019;f
188213023;51;704;104;99;1146;f
1882244610;30;464;15;112;916;f
188615999;33;269;27;88;942;f
18874774;9;542;2;235;1472;f
1890821762;6;237;0;281;1525;f
1890978697;0;6;2;0;0;f
189152524;66;42;5;1;2;f
1894751762;27;172;8;177;2281;f
1895160985;35;881;23;80;537;f
1896488527;51;872;6;54;750;f
1897930380;23;191;3;112;655;f
1901195994;1;14;0;16;165;f
1901595415;132;476;10;55;166;f
1902145598;16;1118;9;3;40;f
190225727;12;109;3;4;77;f
190591610;33;443;0;152;791;f
1913843024;27;361;9;43;418;f
191391803;8;326;1;9;149;f
1916380340;77;999;64;6;64;f
19169423;47;392;5;36;492;f
192370109;2;134;0;5;21;f
192499649;27;441;1;65;282;f
192521333;6;284;1;197;1000;f
1925580938;12;668;1;31;384;f
2733227221;14;22;0;94;1726;f
1926394171;5;232;0;232;1827;f
192912616;1;9;0;1;15;f
19300510;110;1331;24;177;1378;f
1930770414;38;96;7;1;49;f
19335843;68;1884;11;33;697;f
1935516248;49;395;23;79;313;f
1936513045;64;367;43;236;1269;f
19368233;4;21;1;0;5;f
1947320929;74;276;15;531;1433;f
19478719;22;982;15;0;6;f
1948867633;3;0;2;166;347;f
195188594;90;828;9;165;801;f
1954448478;6;24;2;1;34;f
196179205;0;1;0;0;3;f
1963049964;5;30;1;8;158;f
1963501656;9;488;1;151;867;f
1964221856;7;113;18;39;82;f
1964599820;60;1410;62;28;377;f
19646481;2;65;0;60;782;f
1965238770;20;350;12;118;1177;f
1965375458;4;14;0;1;3;f
1966159524;50;106;1;1;12;f
1967103792;62;509;24;94;593;f
1967918335;28;156;19;316;1611;f
1969038289;33;596;131;38;642;f
197336556;1;81;0;9;197;f
197400952;13;216;0;10;118;f
1977477584;8;210;1;1;76;f
1978992043;155;495;26;115;1309;f
201390529;23;497;35;66;741;f
202326763;6;8;0;46;181;f
202425971;8;384;10;144;1175;f
203583202;14;578;0;5;337;f
204299339;40;472;6;25;246;f
204444302;7;49;1;8;249;f
206326866;4;11;0;2;18;f
206329613;0;7;1;5;120;f
206532639;20;248;1;323;2010;f
206570295;93;98;2;765;984;f
207138462;2;0;0;0;1;f
208147488;22;827;1;56;842;f
20849470;20;218;5;112;461;f
208664282;66;570;7;51;624;f
208913421;6;825;5;16;110;f
209262106;10;787;13;74;426;f
209559462;30;266;1;26;186;f
21026345;80;1278;98;52;659;f
210688242;26;602;4;43;559;f
210789285;13;716;2;17;90;f
211099583;7;50;0;1;27;f
21131225;21;388;1;82;1030;f
211397444;32;931;25;118;1897;f
211462267;79;1300;16;37;265;f
211709952;24;525;7;71;755;f
212261532;33;382;39;135;581;f
212292079;11;23;0;3;40;f
21253156;85;829;4;414;1113;f
21257459;39;993;17;20;162;f
212724606;31;207;0;9;57;f
214967682;3;85;0;26;146;f
2152052819;43;757;21;9;200;f
215545290;0;0;0;0;0;f
2157440777;9;58;2;140;2047;f
2159707566;6;197;6;130;2049;f
215992174;1;8;0;1;0;f
2160196098;32;747;19;74;367;f
216305430;18;973;13;51;418;f
21634018;31;151;1;8;104;f
216361529;48;1778;56;8;484;f
2166124159;12;222;6;244;1313;f
216790973;10;205;1;10;151;f
217232725;2;10;0;1;4;f
217433376;7;15;2;9;12;f
2174730115;52;1820;26;29;366;f
2175037701;1;195;2;129;1711;f
21770069;10;137;2;0;3;f
2178486371;0;2;0;0;9;f
2178643974;5;59;2;0;12;f
218071279;5;27;0;3;57;f
2181612314;38;146;5;77;594;f
2182527116;39;44;7;1040;941;f
2182611791;8;54;1;10;100;f
218432384;156;643;0;100;551;f
2187391320;34;386;1;44;344;f
2188155468;152;974;7;256;505;f
2191484615;45;238;18;49;173;f
2193114259;31;932;97;83;342;f
2193190099;16;698;27;131;602;f
219487526;0;55;0;32;141;f
220467586;18;243;39;16;119;f
2204845260;7;60;5;118;440;f
2209565230;9;451;12;129;944;f
2210140580;33;687;35;113;1647;f
2211927324;93;321;22;71;379;f
22136015;90;1175;8;20;94;f
221404952;14;467;1;33;1095;f
2214188491;28;152;48;271;1633;f
221689793;116;951;45;23;340;f
2218471903;62;563;23;58;632;f
221898604;5;60;8;48;62;f
221964205;11;179;1;22;178;f
2220325358;4;1355;77;111;770;f
2223199237;16;372;0;4;318;f
2223496619;100;243;2;89;250;f
2223969871;56;1260;147;45;726;f
2225775155;16;486;5;36;424;f
222579656;4;173;0;361;2270;f
2230659451;1;224;1;0;0;f
2234848961;19;282;7;230;1341;f
2235431615;245;632;4;212;931;f
2236789484;4;4;1;5;7;f
2236885646;86;379;13;98;1122;f
223840972;7;118;0;27;259;f
2238512887;163;497;8;245;567;f
2240095033;193;430;19;134;720;f
22407164;8;60;0;44;180;f
2242993111;9;334;15;233;1287;f
22437394;152;1844;11;35;254;f
2246856132;0;0;0;124;2909;f
2248762537;100;445;12;138;814;f
2248842775;5;90;2;28;575;f
225060606;0;38;0;9;84;f
2250794221;1;12;1;0;5;f
2254221422;0;0;0;0;0;f
22563955;6;574;5;41;1865;f
2257069046;1;183;4;11;291;f
2257926470;113;607;1;125;922;f
2259016411;4;480;19;232;1122;f
22600059;7;13;0;0;8;f
2261845596;166;753;43;461;703;f
2265352238;12;494;0;18;173;f
2266954628;47;450;21;98;1262;f
2267991852;77;1338;32;23;383;f
2269218732;7;246;2;138;1458;f
226923750;120;411;8;288;511;f
2269483532;711;398;1;940;320;f
227055399;6;602;22;120;670;f
22710614;2;0;0;0;0;f
2273502326;138;1069;86;106;613;f
2273691318;34;349;21;30;227;f
227400559;1;60;3;137;853;f
2275376744;19;536;11;133;266;f
2275686336;84;818;0;7;95;f
2276818190;27;882;35;96;1042;f
227817668;0;10;0;7;7;f
22812325;2;40;1;9;38;f
2281281613;0;261;8;135;903;f
2283543823;1;0;0;0;0;f
22840934;15;571;5;60;672;f
2285982638;2;15;2;314;1705;f
228599159;7;188;9;162;1241;f
2287761206;180;938;65;52;477;f
2288867162;13;509;4;99;1201;f
2291374914;31;331;105;67;440;f
2291421004;43;1570;249;14;403;f
2307118248;14;591;133;19;252;f
2307249169;37;977;68;139;705;f
2309170459;3;573;15;102;588;f
2310333698;1;919;15;50;1276;f
231058132;8;99;2;75;442;f
2311146085;32;1064;0;498;224;f
2311184364;13;468;18;76;132;f
2312903347;12;142;0;34;64;f
2316260946;25;186;6;199;893;f
231721237;5;174;0;373;1527;f
2317290118;11;129;2;323;1962;f
2320619815;21;1027;9;33;202;f
2320645218;167;1759;15;9;115;f
232164623;3;200;0;105;963;f
2323069159;9;238;14;139;713;f
2324994222;0;99;3;74;339;f
2325291331;18;328;6;34;97;f
2326631202;278;1485;13;83;335;f
232678324;12;309;2;30;360;f
23295435;59;1653;3;11;458;f
233032914;7;360;0;248;1093;f
2331545711;9;113;5;71;498;f
2331598592;20;138;7;29;92;f
2332555379;50;534;40;121;439;f
234715592;2;82;4;20;52;f
2347977979;22;953;29;124;808;f
2349578599;46;202;16;165;299;f
2351779201;3;353;3;42;467;f
2353354449;8;112;4;4;86;f
2355847777;7;145;16;85;699;f
2356733935;6;253;7;95;572;f
2359388502;22;49;0;23;75;f
2360378178;11;195;0;220;2051;f
2360728478;117;580;11;41;262;f
2362812823;149;1396;29;117;418;f
2363692152;6;358;12;128;1396;f
236486106;122;1296;42;43;431;f
2367477707;20;92;2;254;2093;f
2370725665;29;303;26;233;1149;f
2371328420;40;318;12;131;1307;f
23748269;108;1277;8;94;624;f
2375973638;5;591;0;92;1358;f
23770754;3;6;0;11;13;f
2378140945;261;1479;28;109;501;f
237886553;0;1;0;4;89;f
2380148790;30;293;60;301;515;f
2381167620;3;147;5;164;1863;f
2381253750;339;456;213;111;869;f
2384027766;23;1082;7;84;815;f
238665139;82;1103;43;79;785;f
240362521;17;568;2;54;571;f
240561724;92;400;1;74;226;f
2405965787;48;575;2;121;843;f
2407501640;4;28;2;0;6;f
240821668;4;21;0;0;4;f
2409935663;6;279;23;78;808;f
2411403787;2;10;1;0;28;f
2411423599;6;17;1;44;326;f
2419936286;85;1914;5;2;57;f
2419965872;0;10;0;6;44;f
242123621;18;129;3;54;525;f
242201256;3;40;1;234;514;f
242319331;1;4;0;1;8;f
2425001424;19;200;3;34;212;f
2425786212;8;413;2;523;846;f
242746743;7;445;1;37;584;f
24295753;27;1399;5;8;322;f
2429671352;39;131;10;113;1279;f
2429723097;30;256;3;197;1033;f
2433146611;0;1;0;0;0;f
2433282997;3;1195;137;28;372;f
2433591068;23;636;13;122;406;f
243452188;34;689;12;17;264;f
24352106;7;86;0;0;3;f
2436794876;0;108;2;449;1854;f
243819894;18;266;12;243;1358;f
243850570;33;590;5;49;1539;f
24386710;0;1;0;1;2;f
245152155;78;697;45;64;202;f
245287897;31;355;1;115;883;f
245306807;195;593;15;68;386;f
2455018318;19;154;60;4;57;f
2457848317;12;243;6;134;1552;f
245812733;193;820;30;121;810;f
246128588;197;819;17;45;321;f
2461920925;26;140;1;43;149;f
246208736;21;370;5;9;223;f
2462856456;0;0;0;6;93;f
2463415592;15;133;36;6;38;f
2465687235;181;531;21;128;605;f
246621170;163;1271;32;69;341;f
2467442030;1;4;1;2;8;f
2468059238;0;0;0;286;158;f
2469581288;13;189;1;678;1141;f
2469738596;34;924;4;191;472;f
2470014818;7;228;4;165;1850;f
2472109537;14;112;4;442;1120;f
24725275;0;26;0;13;516;f
2473550875;77;378;13;11;62;f
2476205954;28;438;0;128;2041;f
2477931252;3;0;2;5;20;f
24801407;9;146;5;3;13;f
2480413705;27;635;17;90;1885;f
248134718;7;71;0;9;127;f
2484688494;0;5;2;61;366;f
2487831288;150;1620;51;15;76;f
248827763;76;411;0;115;983;f
24883323;94;1468;38;32;304;f
24910515;20;1052;3;32;217;f
249692862;5;54;0;8;92;f
2500522076;36;240;7;84;901;f
2502597096;90;569;2;29;284;f
25046383;5;283;0;9;54;f
250842076;38;257;10;4;20;f
25085431;93;195;10;29;97;f
2511944460;0;13;8;1;30;f
251313896;26;114;0;40;197;f
2514604339;6;97;4;19;228;f
2514678910;0;31;1;163;2243;f
251518992;6;530;14;15;231;f
2522367901;1;146;7;253;2397;f
252688673;60;564;102;77;671;f
2528822924;0;4;1;146;2151;f
253191835;1;330;25;93;1236;f
2535527754;103;535;9;3;19;f
2536750700;0;1;1;15;65;f
2538555508;5;95;4;50;284;f
2540542206;260;689;3;37;262;f
2540601979;322;1380;4;41;778;f
2554790467;3;387;70;36;215;f
2555419261;22;305;2;243;1475;f
2557136665;21;586;345;55;791;f
255797289;14;264;32;138;1107;f
255846106;29;535;9;5;94;f
2558700766;2;8;0;1534;1579;f
255912008;87;731;17;102;1221;f
2562353909;11;8;0;3;3;f
256689270;123;1641;18;102;320;f
2567206992;4;218;8;45;336;f
2568431617;12;165;1;151;2119;f
257111136;0;4;0;5;49;f
2572457298;15;63;10;76;206;f
2572621399;253;453;48;801;862;f
2573439865;113;2132;37;58;613;f
2579534268;26;541;30;40;384;f
2580511047;0;80;4;81;596;f
258201974;71;339;19;233;1111;f
258228815;13;1023;56;49;428;f
2585393083;315;1631;9;97;523;f
2585969946;18;312;32;282;1027;f
258754118;18;536;2;90;1191;f
258762800;18;194;4;15;114;f
2593793134;36;1354;23;21;387;f
2595110809;14;241;2;101;1148;f
2595483597;23;203;0;37;758;f
2595828119;465;690;48;98;393;f
2601649933;0;0;0;0;0;f
2602920025;11;345;55;37;112;f
2604530259;24;983;51;230;457;f
2606949881;239;1678;31;19;387;f
26133560;2;249;0;107;748;f
2614587271;9;591;0;97;1816;f
2615353014;62;221;0;61;1137;f
2615998837;231;1363;35;67;594;f
2618119582;0;0;0;0;1;f
26192354;0;2;1;0;1;f
2619891104;7;120;1;24;410;f
262165317;27;38;0;63;235;f
262199092;17;787;2;42;663;f
26261259;6;16;0;18;40;f
262898875;18;920;1;50;940;f
2629722555;45;537;4;207;1151;f
2630889296;4;27;0;4;23;f
263395921;3;112;8;147;1031;f
263842646;195;848;1;42;399;f
264046995;75;644;0;76;1462;f
264174172;0;612;2;2;2;f
264538100;27;1362;98;13;58;f
2646299108;10;31;0;935;1681;f
264744377;25;302;0;148;2269;f
264801154;49;651;10;68;473;f
264916005;111;1838;39;17;121;f
265123754;38;608;61;107;809;f
2654027174;11;320;6;4;18;f
2661524223;6;305;31;39;231;f
2662011020;0;0;0;339;2828;f
2669288630;11;81;19;364;2282;f
2675222804;42;580;16;54;646;f
2675560628;9;34;6;1;2;f
26771352;18;148;0;4;26;f
2679802405;0;16;0;0;0;f
2680793168;1;435;12;79;497;f
268101774;42;304;8;14;82;f
268315167;51;9;2;1;1;f
268366600;13;210;1;154;1399;f
268381386;17;122;7;7;58;f
269102797;9;563;0;66;448;f
269193431;65;387;6;56;254;f
26967415;21;96;1;14;32;f
26970502;32;544;4;19;60;f
2697793964;129;998;18;0;4;f
2697960505;73;799;21;82;841;f
2700210578;0;0;0;0;15;f
270646246;59;1264;12;52;435;f
2707450740;9;42;2;34;186;f
271032827;3;26;0;3;51;f
27119540;4;46;1;3;24;f
271242521;32;561;7;87;1300;f
271277112;17;260;26;94;388;f
2714432840;35;148;0;50;252;f
2714844633;2;0;0;0;0;f
27165736;24;54;0;379;2605;f
2718118608;186;1185;233;35;847;f
2718570906;63;178;11;231;2244;f
2719281767;87;1018;12;23;176;f
27241975;77;829;9;35;155;f
2726879335;138;1314;0;44;359;f
2728674072;3;69;4;147;2462;f
2730458366;45;424;13;24;237;f
2731681;17;268;8;16;163;f
2732060316;36;179;48;222;1713;f
2733873854;40;852;6;24;189;f
2734133342;0;5;0;2;2;f
2735506782;14;40;1;95;140;f
2739587275;0;6;0;152;2324;f
274002752;1;400;0;2;206;f
2741318910;105;692;22;51;599;f
274553355;39;459;7;63;174;f
2746337628;60;345;10;103;1685;f
2748423234;311;578;3;151;682;f
2749027972;44;251;21;293;1962;f
274917389;28;180;7;51;331;f
27493957;9;209;1;20;117;f
275183383;6;30;0;6;8;f
275325886;2;102;1;114;1483;f
2756014000;1;49;4;2;46;f
27570114;68;505;7;28;884;f
2757583450;75;282;17;275;1174;f
27582887;70;1063;12;230;537;f
2762444463;103;220;34;28;56;f
2765166293;56;69;5;167;1784;f
2766841169;43;1785;27;18;331;f
2767502085;45;916;2;41;910;f
276768643;2;136;2;209;1075;f
27679500;25;522;2;29;504;f
276837866;93;776;2;20;63;f
276983152;5;62;0;28;241;f
2769935615;149;315;7;416;1071;f
277538177;18;442;19;78;1777;f
2777859517;4;21;0;25;191;f
27785160;3;172;158;124;932;f
2787096553;66;253;0;71;780;f
2788405899;6;124;7;76;914;f
278866572;25;506;0;109;1628;f
27887098;53;165;0;25;102;f
2793173572;0;172;6;9;98;f
2793360007;2;98;0;130;2830;f
279369388;40;414;9;163;2192;f
279461605;1;52;0;8;151;f
2795151108;7;191;33;197;952;f
2799099042;178;914;3;20;409;f
2800412189;300;612;39;297;1100;f
280306114;6;328;10;27;388;f
2805643019;0;18;2;10;102;f
2807614563;0;0;0;0;0;f
2807953832;65;528;34;211;970;f
2810008564;2;28;3;2;1;f
281234838;2;9;0;0;11;f
281403145;9;258;28;89;914;f
281685368;170;1696;113;14;194;f
2817888651;0;10;0;76;436;f
2819670100;12;120;4;132;1652;f
2824442557;111;211;3;289;569;f
282523842;0;64;0;9;197;f
282616462;2;33;0;1;6;f
2827142990;2245;115;0;11;26;f
282727874;7;632;3;64;894;f
282738890;3;2;0;0;7;f
2827521307;17;178;3;137;345;f
283013230;11;50;0;13;54;f
283036840;63;675;39;43;867;f
283914149;364;927;2;93;413;f
2840265139;79;110;34;73;351;f
2841340464;20;252;6;267;1813;f
2841853914;92;712;41;75;1026;f
2844231958;64;976;46;27;445;f
2846002106;13;470;3;98;863;f
284704195;4;757;1;85;319;f
2851948027;0;1;1;3;31;f
285724171;21;401;1;7;25;f
2857420840;13;534;24;137;1997;f
28588774;62;1084;28;75;813;f
28605490;25;242;2;98;261;f
286059321;21;1128;7;51;345;f
2861200834;26;119;12;59;365;f
286126462;2;47;0;276;2480;f
2863376295;78;468;47;38;84;f
286690782;25;616;2;0;28;f
286790717;38;244;0;11;223;f
2868402013;52;78;20;363;279;f
28706697;0;0;0;0;0;f
2872359762;235;477;15;108;1125;f
2874620795;1;277;21;112;1405;f
2881514381;1;44;0;238;2726;f
2881579295;4;105;16;5;11;f
288255849;19;448;47;143;615;f
28962012;39;652;4;23;422;f
2900215557;80;591;37;81;851;f
2903346739;1;30;0;19;214;f
2905689080;133;764;35;153;449;f
2906062124;150;570;12;148;354;f
2906620768;412;422;3;80;423;f
2907385266;60;702;14;15;142;f
2907579835;80;542;18;67;400;f
2910412508;99;696;94;24;51;f
2911968423;3;27;0;0;1;f
2912697002;0;108;5;0;0;f
291314239;7;51;0;2;17;f
2914307568;1032;1271;0;80;281;f
291477346;77;312;54;145;536;f
291492315;9;420;29;236;1074;f
2916420536;22;201;8;0;8;f
2918581380;37;273;3;73;1289;f
292565648;91;1268;39;84;604;f
292577710;13;104;0;22;202;f
29267129;56;196;1;104;1804;f
292913844;240;887;26;128;464;f
2930952618;34;796;3;35;501;f
293212315;15;245;9;82;461;f
2933515420;33;41;5;76;295;f
293548550;51;466;2;42;402;f
2936733162;0;0;1;5;20;f
293743791;46;629;41;280;1510;f
293853413;5;106;2;152;2312;f
2938551012;29;360;6;3;80;f
293946831;34;66;0;5;204;f
29396889;269;564;4;21;101;f
2941150861;27;553;179;75;620;f
2941331162;73;520;3;103;1071;f
294182639;1;20;0;14;367;f
2942835475;120;202;120;17;167;f
2943103386;27;191;10;21;123;f
2943664510;213;172;4;28;135;f
294715157;0;1;0;0;0;f
2948062269;8;103;7;176;1383;f
29485766;3;132;1;0;2;f
2949559526;44;146;22;40;365;f
294996484;31;244;3;136;1524;f
2950734967;102;597;2;28;334;f
29510629;59;263;6;70;166;f
29536164;50;504;9;81;1284;f
2953622813;1;0;0;1041;664;f
29552151;82;660;6;22;222;f
295578583;5;264;0;26;1440;f
2957034817;16;15;13;203;465;f
295722548;6;137;0;74;223;f
2957667296;0;3;2;0;0;f
2958717386;6;187;1;11;81;f
2960017537;22;365;3;70;147;f
296118251;1;71;3;29;163;f
2965142314;2;147;0;89;677;f
2966578566;814;475;25;166;469;f
2966827845;92;889;8;108;1081;f
2969720312;3;135;1;366;1886;f
297023247;20;752;1;105;760;f
2971276314;39;836;99;2;151;f
2972708023;5;31;1;11;28;f
2973666916;16;1391;184;42;461;f
297449289;10;51;1;127;1486;f
2975968796;8;74;2;3;14;f
2977717281;158;1878;142;5;78;f
2979585982;2;108;0;69;724;f
2980536597;3;289;0;6;281;f
2980901837;0;1;1;30;157;f
2982601051;381;12;1;186;922;f
2983156296;44;649;34;100;1125;f
2983371691;450;325;125;228;261;f
2984238372;260;577;22;23;195;f
2984951330;28;24;0;931;1746;f
2985852925;59;144;1;257;1156;f
298752527;102;293;2;153;1947;f
2989316931;0;221;2;41;135;f
2990291701;25;1680;15;84;308;f
2990948929;8;240;2;19;97;f
29910264;5;305;6;57;578;f
2991390654;4;12;0;4;18;f
299271462;7;307;15;95;216;f
2992735788;67;245;1;84;939;f
2994985944;124;396;11;51;607;f
2995201671;33;91;11;8;7;f
2997568550;3;51;0;8;454;f
2998397201;201;910;22;59;379;f
2998417670;7;20;0;0;25;f
299990409;10;127;2;280;2237;f
3004254638;56;1235;39;45;751;f
300442252;27;740;85;128;579;f
3005999630;26;25;1;2039;1041;f
3008039238;69;727;24;64;1575;f
300838107;12;220;4;4;94;f
3008769098;20;649;10;14;108;f
300996358;31;681;1;75;481;f
301159074;22;437;49;82;930;f
3015346510;17;8;1;3;21;f
3016254728;14;209;3;106;643;f
3016601638;193;500;19;87;1112;f
3017831314;1;13;0;45;802;f
3018133003;23;1150;38;122;942;f
3018528922;1225;496;77;70;71;f
3019055223;2;21;0;23;150;f
3019448191;0;0;0;16;8;f
3019910341;5;2;1;1;23;f
3020165893;136;543;2;98;893;f
3020965143;16;69;5;0;2;f
302114763;90;191;0;3;110;f
3021545411;6;65;0;5;48;f
3023728826;7;70;2;2;36;f
3024461758;0;7;2;0;0;f
3027627954;0;1;1;0;0;f
3028997653;20;730;21;51;359;f
303061039;25;89;0;15;165;f
3031860812;2;25;0;2;38;f
3033627449;1;17;1;63;32;f
3033858666;0;3;5;5;5;f
3037199234;51;58;1;0;0;f
3041232600;274;1857;173;4;62;f
304261771;6;91;13;324;1636;f
30429133;19;646;12;58;711;f
3054738993;12;359;14;19;101;f
305476548;9;279;0;8;317;f
305553835;16;57;0;5;27;f
30566308;20;898;117;127;1288;f
3060478163;0;0;1;151;265;f
3061140416;2;2;3;0;7;f
3061358054;13;194;1;0;2;f
3061549116;12;735;50;58;1147;f
3061671511;0;1;0;0;0;f
3062470474;0;0;0;0;0;f
3067452169;17;71;1;18;142;f
3068425183;1;0;0;0;0;f
306866704;9;135;1;47;227;f
3069153899;3;25;0;10;32;f
3069240720;141;189;3;30;98;f
3070794500;4;213;5;113;1550;f
3071424482;72;1121;328;97;288;f
3071904865;0;2;0;21;23;f
30731587;47;679;85;52;297;f
30750923;82;520;10;68;580;f
307790129;11;139;0;11;220;f
3082505088;3;160;97;125;1780;f
308554579;16;329;14;110;1863;f
3087465981;4;6;1;0;36;f
3093137437;5;14;0;1;6;f
309461019;14;1080;85;17;311;f
309564645;7;224;19;277;2440;f
3100554872;24;43;0;67;397;f
3100871091;2;126;0;128;1986;f
3101509017;0;1;0;1;1;f
310250028;174;1578;8;65;515;f
310401703;2;7;0;0;10;f
3108634166;31;173;0;122;1553;f
31107779;3;40;0;30;418;f
311262395;0;52;0;134;1288;f
3116708222;2;12;1;1;17;f
31338179;12;24;0;27;41;f
313789678;57;365;31;121;1333;f
313928644;0;4;1;1;0;f
3140211968;169;65;1;53;29;f
3140424071;1;20;2;1;3;f
3146523464;5;188;15;4;20;f
314922007;7;34;0;5;24;f
31523146;15;229;1;331;659;f
3154356636;476;625;61;147;602;f
315478329;3;142;1;630;1583;f
3158349782;2;37;1;1;14;f
3158914118;1;1;0;0;0;f
3161171948;0;1;1;0;0;f
31648644;32;128;2;124;467;f
317005888;18;682;2;87;1602;f
3170243955;18;324;2;101;631;f
3171154469;38;396;51;62;1236;f
3179001127;14;10;0;0;1;f
3180093456;9;19;11;228;536;f
3180501039;13;171;16;46;327;f
318703449;0;23;1;182;2388;f
3188365045;4;9;0;162;2068;f
318949971;21;84;2;7;80;f
3192686232;18;884;40;67;1064;f
3197629148;43;746;794;80;962;f
323327904;58;852;90;93;876;f
3234273907;37;87;0;185;2170;f
323645838;10;26;1;32;158;f
3237515738;18;379;0;152;1563;f
324020939;321;535;22;184;358;f
3242431857;1;133;8;27;132;f
324379088;24;225;10;311;2377;f
3246120194;0;0;0;0;6;f
325551297;0;19;0;7;231;f
3258324619;5;118;0;6;23;f
325967359;51;624;140;105;917;f
3262737960;1;7;2;2;30;f
3265353439;20;270;31;74;858;f
32682158;9;61;6;6;42;f
3268602666;0;0;0;55;196;f
327164781;50;1833;15;9;439;f
327397233;63;439;0;22;297;f
327510902;29;224;2;9;111;f
3280135166;72;70;1;7;18;f
328145177;64;944;40;60;320;f
3283400828;0;897;111;57;720;f
3284518242;0;0;0;34;81;f
3286321634;7;0;0;317;1;f
3286661012;0;2;0;120;553;f
3288028291;3;11;0;366;2371;f
3288842234;158;2838;18;5;52;f
329008715;0;14;0;8;15;f
329285009;139;1117;32;150;1365;f
3292981394;21;253;27;30;83;f
329361249;108;707;0;185;517;f
3298120789;42;217;8;57;196;f
3300872434;0;4;0;7;256;f
330202919;5;30;0;14;87;f
3312511473;0;0;0;0;0;f
331257657;66;1254;4;141;342;f
331418316;17;59;28;1;4;f
3317190734;93;296;0;280;1930;f
331930998;8;39;2;0;0;f
3319872952;20;94;9;41;266;f
3321861183;0;0;0;79;65;f
332214689;12;348;1;15;139;f
3324245616;13;62;0;421;2341;f
332447134;6;155;7;178;1713;f
3324904868;179;461;46;3;5;f
3325432584;0;366;0;40;570;f
332579042;46;522;68;83;1187;f
332699729;25;301;0;82;555;f
332738908;54;473;31;196;238;f
3329528505;0;0;0;7;2;f
333005444;43;731;0;0;8;f
333168046;45;608;4;23;326;f
333412049;140;560;13;113;455;f
335208230;0;26;0;193;2567;f
33651270;85;631;18;95;510;f
3365209246;2;188;0;26;126;f
33679344;8;2;0;0;1;f
337161930;1;40;1;6;39;f
33747826;1;23;0;0;0;f
33764583;109;431;6;16;94;f
338055297;10;957;50;60;923;f
338151653;4;94;4;132;2022;f
338254192;43;850;27;27;294;f
3382678798;0;10;0;736;2387;f
338284756;0;17;0;5;161;f
338286563;43;337;0;10;257;f
3384265881;0;0;2;1;0;f
338558835;129;1214;25;166;507;f
3385862362;2;123;4;89;1488;f
340951450;22;399;16;16;70;f
341169083;2;3;1;260;959;f
342957744;2;12;0;3;11;f
343120924;0;0;0;0;1;f
343473585;20;377;4;2;96;f
34355343;7;633;106;74;1566;f
3438727318;239;244;7;178;510;f
343931635;125;694;13;87;975;f
344675728;1;33;0;0;10;f
344780239;4;43;0;6;28;f
345197864;13;12;0;0;0;f
345505380;104;617;72;63;286;f
345813518;23;512;38;185;486;f
346829273;56;173;1;6;41;f
346866777;19;1156;3;69;708;f
348080571;6;180;0;8;135;f
348393966;3;352;1;160;907;f
348430064;35;229;0;1;29;f
34897604;67;818;7;47;209;f
348981732;2;12;0;5;23;f
349152819;2;292;2;124;955;f
349342823;157;689;47;85;497;f
349485739;57;966;18;16;108;f
349612774;15;113;2;15;286;f
349796717;10;161;5;7;80;f
350114766;17;125;2;80;433;f
350160058;34;645;4;101;1054;f
352909198;6;1038;0;21;326;f
353011489;215;852;10;45;660;f
353261938;0;13;0;43;236;f
3534004638;2;28;0;503;1493;f
353556149;61;138;3;399;1400;f
353608206;8;76;1;19;71;f
354010930;28;68;3;14;148;f
35413411;23;1082;81;64;673;f
354206693;118;579;79;125;250;f
354796858;2;64;3;2;27;f
354818247;1;36;0;4;93;f
355033937;16;660;8;52;425;f
35551388;7;570;2;64;1463;f
355600495;41;503;25;2;43;f
356580095;57;828;118;91;622;f
357747403;143;1839;13;17;108;f
357961117;8;244;12;201;916;f
359219562;38;604;63;258;600;f
359370934;1;7;0;0;9;f
35942782;63;165;3;38;311;f
359572064;25;334;18;154;1153;f
359926634;5;54;7;92;538;f
360270369;39;1022;2;12;335;f
3604991185;5;11;0;14;145;f
3610511;0;12;0;0;61;f
361746019;3;110;2;17;173;f
362993719;7;22;0;10;183;f
36559020;25;333;2;29;112;f
365622635;19;204;0;71;746;f
366081148;37;1167;34;70;993;f
366147882;0;7;0;213;2396;f
366806549;5;56;0;158;2561;f
3669091452;10;70;0;178;403;f
36765234;15;332;2;54;520;f
3676578139;0;1;0;146;349;f
36836217;5;229;155;19;487;f
368540321;15;35;0;7;141;f
368675577;47;337;25;146;843;f
36874110;77;565;113;73;772;f
369223407;13;325;2;82;1855;f
369537903;0;0;0;1;0;f
369911039;15;651;5;53;772;f
370263238;91;462;23;30;315;f
37060280;72;591;78;19;373;f
37066636;49;463;36;132;630;f
3713829252;57;127;1;4;70;f
371557860;47;756;72;139;1339;f
371672020;44;817;12;52;463;f
371832097;216;2432;28;42;131;f
37186955;14;31;2;12;104;f
37204587;11;1877;2;6;212;f
3726614179;30;136;20;1;17;f
3726874400;321;1237;219;32;461;f
372835779;6;102;2;7;167;f
377304816;10;46;2;4;83;f
378376315;20;805;18;33;217;f
378570257;3;171;1;477;2300;f
378814988;11;3;0;0;4;f
37889070;63;620;6;32;683;f
379121297;8;170;2;82;754;f
379176983;1;18;0;8;31;f
379274779;47;1290;113;31;515;f
379472749;1;333;1;136;1490;f
379728710;5;24;0;4;41;f
38002859;21;257;3;42;1036;f
380662905;47;722;0;36;789;f
381384396;29;194;1;286;765;f
381523148;7;37;1;483;1905;f
381753637;130;1080;0;54;1255;f
38199599;30;87;2;39;258;f
382247829;158;687;7;7;94;f
382361714;14;201;29;294;655;f
382624095;31;453;300;154;1577;f
383387954;32;397;4;128;514;f
383684750;97;713;45;44;183;f
383785250;1;61;0;12;476;f
38433789;8;122;5;28;230;f
384547005;8;142;0;0;9;f
3847320734;0;2;2;254;1659;f
387971079;11;74;3;7;38;f
388589094;0;128;0;313;2227;f
3887070673;3;8;0;161;520;f
389890902;28;180;5;19;255;f
39030312;21;706;26;37;423;f
390428793;83;982;5;67;264;f
390730174;1;2;0;0;0;f
390972554;107;1191;5;19;399;f
391362651;2;17;0;14;56;f
391614396;1;30;0;0;8;f
391778402;0;2;0;0;0;f
392080330;28;465;42;112;947;f
392247237;18;48;4;3;24;f
392349274;15;645;7;145;1133;f
392676979;87;299;0;31;182;f
392792633;54;1169;13;10;229;f
39288051;2;494;1;13;400;f
393190638;35;719;12;13;293;f
394135675;1;34;1;3;36;f
394217175;0;0;0;1;23;f
394281508;6;798;4;31;859;f
3943702392;223;284;75;63;114;f
394475545;105;2304;48;2;52;f
394628127;10;140;0;278;1992;f
394726610;43;1239;2;47;1293;f
394990669;31;295;11;17;498;f
3953332753;1;235;0;121;1311;f
39588706;3;7;0;29;227;f
397494847;4;344;12;121;2289;f
397534181;8;128;33;10;57;f
397629967;6;91;6;0;11;f
398090733;105;520;9;64;805;f
398442529;22;333;16;28;288;f
3986746283;170;542;149;65;712;f
3987939853;4;22;0;87;780;f
399572723;3;36;0;2;31;f
3997778774;0;36;3;0;0;f
400008688;41;175;11;8;240;f
400088165;22;435;10;166;608;f
400264347;3;269;17;58;2187;f
400412116;13;897;16;74;853;f
400741034;18;108;0;6;143;f
400748069;10;121;0;10;222;f
400802777;4;827;1;48;852;f
400939896;37;1464;24;45;395;f
400983194;21;469;111;111;1606;f
4011161172;214;827;94;5;27;f
401423776;2;35;0;15;331;f
401502696;2;930;29;27;534;f
402034337;7;12;0;2;16;f
40219052;26;501;10;55;852;f
4027111173;0;38;0;11;607;f
402866477;42;574;8;65;356;f
402979897;65;32;0;2;24;f
403461794;3;46;0;6;43;f
403766373;45;1857;7;15;161;f
406524900;13;986;9;75;1444;f
40673360;64;533;2;57;260;f
4067937256;0;0;0;98;145;f
406814679;32;51;48;78;838;f
4068221660;3;13;0;44;232;f
406962616;13;30;0;2;11;f
407024811;32;127;1;16;231;f
407212798;94;913;3;47;480;f
407225208;15;1064;6;55;1237;f
407302551;0;18;0;3;11;f
407818010;60;522;13;6;68;f
407964674;30;477;4;16;174;f
408087080;4;101;25;16;76;f
408466988;12;96;1;2;59;f
408637014;15;105;1;16;81;f
4087003520;0;0;0;0;0;f
408707585;42;949;7;26;104;f
409297732;31;234;1;114;1665;f
409477898;31;664;16;94;853;f
409503051;0;16;0;2;44;f
409568090;44;681;13;115;269;f
4097930772;40;116;1;63;413;f
41062153;10;1327;0;102;229;f
410719897;30;319;7;34;273;f
41135292;46;862;1;39;591;f
4116007695;0;78;0;6;80;f
413056775;63;1151;36;31;186;f
413233876;167;874;2;112;1369;f
413255529;74;1018;328;103;382;f
413461232;54;1234;33;95;663;f
413605766;25;40;2;3;123;f
4138138633;0;0;0;0;0;f
4141747640;0;2;0;40;261;f
41463548;28;997;8;16;310;f
415021649;10;70;0;25;284;f
415835711;3;289;4;20;228;f
4166710393;45;65;2;564;1960;f
416802154;21;844;25;75;279;f
417280214;32;327;1;48;805;f
417735070;29;178;14;54;612;f
417807946;0;2;0;0;51;f
41785738;46;550;5;20;270;f
4179350774;0;1;0;27;166;f
418247241;8;197;5;102;2398;f
418584043;15;33;2;47;266;f
418633045;1;9;0;2;69;f
4190306474;43;248;12;7;81;f
4194644729;0;0;0;257;563;f
419617449;3;601;10;57;701;f
42002841;6;445;1;27;426;f
420253558;54;1068;28;72;1239;f
4203016035;0;0;0;98;140;f
420915061;56;659;38;23;347;f
421577024;10;431;22;28;296;f
42173055;58;1367;3;66;790;f
422807985;10;31;0;3;28;f
42339113;12;274;6;131;1537;f
423649561;2;3;0;0;15;f
423666184;41;873;9;4;82;f
423893707;2;30;1;23;157;f
425878819;9;80;1;123;645;f
426334161;20;151;2;261;1590;f
42642152;18;1651;2;17;442;f
426531620;4;142;0;9;292;f
426932675;5;54;0;9;158;f
427142258;7;642;2;200;1464;f
427791119;68;921;10;41;542;f
428202366;0;5;19;1;17;f
428213157;6;54;0;3;37;f
428904234;46;1402;17;0;14;f
429262110;0;6;0;4;40;f
429647166;96;543;1;30;439;f
43126168;0;0;0;0;0;f
43136801;51;1816;66;0;0;f
432377556;46;322;5;20;285;f
43289403;151;930;21;107;705;f
433319326;0;3;0;0;0;f
434460614;58;549;7;114;1246;f
434731905;55;333;4;19;47;f
43476480;8;282;54;136;1566;f
434832511;5;127;3;0;5;f
435045600;1;0;0;0;14;f
435724709;18;925;49;57;1373;f
436437627;1;84;1;189;2470;f
436807160;29;404;1;175;1707;f
436978148;2;41;0;0;73;f
437392860;11;156;5;21;165;f
442075220;25;258;4;76;313;f
442079113;39;227;60;150;1705;f
442443737;130;827;2;33;137;f
44321730;72;1987;67;7;138;f
44324787;0;7;0;245;2803;f
44335261;23;743;0;10;359;f
44358439;6;44;1;16;27;f
444833485;32;251;4;29;333;f
44526814;149;1148;323;123;804;f
445345005;122;846;36;176;1213;f
445761780;69;1074;6;9;118;f
445913056;135;390;1;129;1073;f
44660556;53;476;7;12;64;f
447309305;38;685;48;162;583;f
44850701;103;1416;7;6;13;f
4494944719;0;1;2;0;31;f
450747981;45;321;5;31;280;f
450860458;103;1192;0;17;200;f
45100798;12;488;93;78;852;f
4552933181;1;11;0;72;542;f
455340385;69;1592;18;53;444;f
45562154;6;63;0;9;92;f
455950099;40;476;22;12;149;f
45598301;105;477;81;138;526;f
45603460;1;1;0;1;7;f
456426689;48;419;2;164;958;f
45689818;113;1251;18;53;360;f
45778279;10;106;1;163;1295;f
458632493;14;294;5;85;1316;f
459937526;1;322;0;91;1112;f
460232733;46;665;13;23;172;f
461010838;177;1172;5;239;560;f
461572767;14;63;4;338;1037;f
462251578;8;64;0;4;28;f
462971394;6;12;0;11;41;f
463503341;0;18;0;0;31;f
463889910;6;140;10;3;82;f
464014539;24;106;2;12;54;f
465013390;17;224;18;125;1536;f
46546834;19;448;4;223;1086;f
466762451;50;1771;145;12;110;f
46695342;20;519;11;67;747;f
471203497;30;361;1;145;776;f
471512676;20;206;5;16;63;f
473043012;18;234;0;187;1570;f
473417503;1;579;21;23;463;f
474043803;17;26;1;51;179;f
474316605;41;445;21;44;270;f
475316805;0;0;0;0;0;f
475693524;1;8;0;2;10;f
47610275;9;38;0;13;116;f
476552395;12;352;45;86;968;f
476691783;141;2051;4;26;259;f
477006767;2;105;0;35;276;f
477552640;82;598;15;20;231;f
477824021;7;348;3;17;226;f
477989973;39;223;7;7;118;f
479258753;10;729;27;29;142;f
479506412;6;10;2;1;3;f
480279324;6;9;0;13;191;f
482242692;23;177;0;30;240;f
48292264;68;412;77;108;650;f
482981498;2;33;1;25;135;f
483073065;7;264;3;4;148;f
483204176;104;2076;14;13;383;f
483227930;47;1066;18;191;1409;f
48460955;13;87;4;42;235;f
484613799;34;372;1;62;708;f
484731323;1;8;1;394;2803;f
485273674;9;354;18;120;1173;f
485873421;161;557;72;91;316;f
487275447;0;3;0;0;3;f
487416678;55;480;0;54;1129;f
488525613;8;20;0;10;30;f
48896966;165;1015;2;16;109;f
48964118;1;18;0;143;2817;f
49007031;28;850;7;1;38;f
490440829;19;448;3;96;1076;f
490535839;115;1992;92;34;454;f
490625409;1;10;0;0;4;f
491391312;3;6;0;1;6;f
491630583;17;15;0;175;2437;f
491673056;19;808;25;19;479;f
492177690;0;0;0;2;2;f
49240687;29;1296;42;85;549;f
492501987;0;4;0;5;20;f
493747804;32;933;3;75;1132;f
493919122;24;328;3;16;429;f
493941903;44;486;3;2;11;f
494006512;27;275;2;22;123;f
494266249;10;442;3;30;462;f
494395788;7;466;3;47;794;f
495020496;39;404;19;247;1358;f
495053365;21;627;4;5;161;f
495283255;4;749;9;35;597;f
495378971;23;185;0;23;290;f
495507361;1;5;0;0;2;f
495731957;128;2039;100;4;8;f
496168830;57;516;17;226;1214;f
496651835;68;491;11;135;615;f
49683347;1;3;0;0;0;f
49709134;73;1174;102;10;132;f
497125259;8;48;0;4;23;f
497521332;40;196;21;121;1897;f
497557514;7;946;4;4;74;f
498054058;0;1;0;0;1;f
498358491;8;74;1;10;148;f
498418001;46;691;12;233;535;f
498814013;63;478;0;73;567;f
498935613;0;7;0;0;3;f
49977491;34;230;2;82;419;f
499933271;2;116;2;6;25;f
499996521;103;1426;2;225;1123;f
501094162;7;483;1;8;122;f
50252197;18;763;7;148;943;f
505959713;81;267;3;172;1635;f
506055335;35;942;2;19;120;f
506501965;4;45;1;2;48;f
50684694;9;121;2;23;199;f
506892551;0;24;1;0;7;f
50785046;62;443;5;16;145;f
50957441;30;801;28;51;782;f
51015996;12;118;0;27;210;f
51153998;15;374;7;16;229;f
512155932;64;1318;88;95;1122;f
512455607;27;997;1;29;152;f
513406783;22;447;2;58;1061;f
514061230;0;0;0;0;0;f
515271142;12;160;24;508;2185;f
515405009;44;93;0;251;1433;f
516091870;6;173;0;0;10;f
516737722;18;59;0;40;64;f
517073805;2;9;0;10;117;f
51738765;231;1362;0;30;233;f
517625408;21;96;1;29;98;f
517686267;1;40;1;146;2403;f
52108988;53;784;7;36;292;f
521131145;29;241;3;38;287;f
52314977;18;149;0;370;2472;f
523521363;5;287;29;104;453;f
523653988;46;388;32;177;734;f
52474890;5;212;2;60;1364;f
53414756;54;67;2;19;30;f
535758794;50;555;9;111;506;f
53621838;41;403;2;325;1965;f
537841059;232;815;7;18;284;f
53863574;1;2;0;0;0;f
540207013;63;471;25;50;208;f
540416380;27;183;4;139;638;f
541711129;36;660;5;153;2042;f
541959150;1;5;0;0;17;f
543842787;2;15;0;3;55;f
545269203;14;33;2;14;29;f
545516275;30;459;32;13;141;f
545881939;311;1426;0;16;74;f
546312443;23;450;22;146;1273;f
54666401;21;383;8;61;492;f
546885822;41;167;2;53;145;f
547336911;117;695;37;62;743;f
547477084;13;150;0;12;95;f
54864334;44;488;44;67;365;f
54867711;98;829;11;102;1395;f
55291753;10;152;7;83;639;f
553842839;13;183;3;134;588;f
55431252;77;1263;19;86;370;f
554958519;19;518;2;49;564;f
55532545;30;258;2;7;34;f
555411470;200;1384;67;81;828;f
55592032;16;373;2;234;2255;f
557215750;3;22;1;1;18;f
557616612;15;48;10;7;97;f
55769013;172;1342;6;67;422;f
55819049;85;1452;69;15;207;f
558782771;4;509;10;75;1228;f
559486409;86;482;3;205;1307;f
560223770;166;911;11;70;678;f
560990422;80;875;64;10;191;f
561814955;9;107;2;15;31;f
561845963;2;37;0;92;2847;f
562035970;5;2;1;0;13;f
562357919;27;462;74;267;863;f
562984758;5;265;0;148;1626;f
56321548;23;695;36;82;1185;f
563875863;1;84;0;67;2141;f
564336147;82;1388;10;78;748;f
56466070;51;505;0;36;407;f
567106691;8;463;4;107;872;f
567155716;23;149;1;142;641;f
567591601;0;4;7;75;832;f
5682702;38;985;0;51;782;f
568388087;48;738;42;142;551;f
568841497;14;318;54;166;185;f
568955495;2;43;0;14;270;f
570479207;3;9;0;106;2411;f
570601271;97;933;52;187;614;f
571579758;20;524;3;246;1467;f
571602303;0;14;2;0;1;f
571771309;90;576;10;8;57;f
572143356;39;635;16;18;212;f
572204901;13;417;10;312;539;f
572838091;194;855;121;200;913;f
572969576;3;162;3;162;1993;f
573221967;167;725;25;128;462;f
573301009;14;516;74;100;869;f
57365720;12;262;0;111;1921;f
573690882;0;29;3;20;154;f
573749510;28;366;21;1;11;f
57376225;15;173;2;143;1897;f
574959037;19;644;43;163;1237;f
57549666;21;507;9;75;1115;f
57591732;26;201;11;330;589;f
57616787;5;137;1;19;100;f
57791793;20;600;1;42;681;f
578423244;55;362;41;98;1081;f
578727389;19;137;102;18;157;f
587665339;49;451;0;51;1008;f
587826392;58;285;0;143;1715;f
58789772;60;407;18;39;122;f
587931107;28;503;40;175;905;f
588147020;5;7;0;1;16;f
589022162;4;60;3;5;10;f
592043234;13;192;3;36;474;f
592252867;73;747;24;139;618;f
59279806;2;926;1;50;639;f
594142749;12;660;6;99;1672;f
594683175;38;543;2;11;160;f
595089709;61;1069;14;49;987;f
595387862;154;837;38;362;652;f
595584728;141;647;0;234;1237;f
596665611;70;729;20;106;912;f
59689509;249;439;54;108;1080;f
597381176;8;55;0;0;12;f
59770627;74;1306;0;19;145;f
599844379;16;200;28;136;867;f
601192738;27;192;10;65;403;f
601256893;0;0;0;267;2465;f
6015122;99;157;0;30;288;f
605521007;5;121;3;5;402;f
605543304;55;430;67;116;480;f
60811341;9;334;5;12;260;f
609101738;31;1305;3;43;384;f
609166669;2;62;0;162;2420;f
609496197;1;973;0;16;263;f
610388964;20;893;203;47;337;f
610485717;10;469;1;62;530;f
610861270;2;5;0;19;33;f
61198155;188;1096;2;47;490;f
612645350;11;24;2;4;95;f
612924270;11;121;0;12;96;f
612999090;11;395;4;119;1086;f
613080314;2;133;0;22;141;f
613744186;4;48;0;105;2635;f
614467617;136;1391;6;101;548;f
614770385;10;62;0;4;24;f
61513445;32;366;4;23;274;f
616602934;125;1055;6;94;653;f
61694837;47;926;6;32;476;f
619201618;2;79;0;14;365;f
619744784;142;768;39;48;325;f
62017536;16;247;3;49;385;f
620191805;21;1096;52;97;325;f
621429721;52;1030;8;63;818;f
621508569;0;1;0;1;3;f
621741580;58;770;12;18;590;f
622618462;2;20;0;6;14;f
623407119;1;14;3;3;9;f
62408560;28;847;5;24;249;f
624223536;93;1599;129;52;929;f
625400643;155;744;3;250;1668;f
626145415;74;315;4;111;393;f
62688517;7;39;0;549;1941;f
62739096;23;60;0;8;35;f
628563;27;64;1;4;13;f
629661106;10;57;0;4;64;f
629919354;13;132;4;118;873;f
630850008;74;217;3;342;806;f
632045063;3;72;0;11;71;f
632239930;23;313;1;74;443;f
632503479;7;457;8;49;66;f
632681284;5;119;3;85;824;f
632685533;4;33;0;101;668;f
63297174;77;915;21;27;141;f
63372653;79;264;5;163;1200;f
633817553;15;316;27;245;1357;f
634704287;37;847;16;23;264;f
63501503;3;11;0;1;11;f
635818294;54;367;10;50;648;f
64585874;85;359;0;45;898;f
6618042;11;48;0;4;15;f
66789784;33;676;67;35;542;f
66949187;31;345;0;77;57;f
67006908;67;524;0;181;1157;f
67044273;3;12;0;9;180;f
67253599;108;759;14;4;33;f
67367320;16;394;4;296;1955;f
67529607;15;783;1;122;680;f
6775342;190;1910;16;13;123;f
68123840;1;15;0;0;4;f
68375375;61;389;28;25;67;f
68566691;27;531;2;35;126;f
68800287;3;44;0;46;248;f
68940614;3;33;2;8;107;f
69124342;64;725;15;73;525;f
69310149;4;57;3;36;547;f
69379288;15;32;1;12;27;f
69654626;7;75;0;2;46;f
69729809;30;451;11;84;634;f
69991603;9;214;1;25;154;f
701708133;6;24;11;18;103;f
702032586;113;1202;15;85;891;f
70228722;4;46;1;6;89;f
704248286;4;77;0;182;1657;f
705091824;3;103;12;23;297;f
70557274;0;1;0;0;2;f
706305578;107;1573;21;30;159;f
706819428;116;1506;15;20;386;f
706926695;59;423;20;92;620;f
707697690;7;15;0;1;113;f
708035550;12;678;28;81;1661;f
713267078;22;207;2;1;19;f
71379711;0;72;0;27;52;f
713804306;15;341;23;127;712;f
714240744;13;244;0;26;302;f
714301764;23;235;1;167;568;f
714550385;98;219;20;476;1229;f
71495570;25;217;2;274;1712;f
715457424;2;178;1;185;1262;f
71762592;1;23;1;7;73;f
718684188;1;51;0;0;8;f
718902926;20;363;6;51;885;f
72149178;14;149;2;179;416;f
722214212;76;432;2;39;154;f
72314098;44;458;1;28;189;f
72314987;11;225;3;17;170;f
724632068;102;525;6;43;434;f
725451396;69;1196;20;78;463;f
727580406;49;1158;2;38;408;f
72816504;146;765;1;121;1033;f
732621438;56;501;15;153;488;f
733923254;23;159;0;203;2195;f
735779108;30;123;32;171;300;f
737734728;10;928;30;84;1046;f
738612918;0;7;0;0;3196;f
739043384;43;453;9;40;673;f
743585972;23;457;2;315;1675;f
745638440;44;754;84;23;131;f
74602378;2;365;11;0;14;f
74707817;55;319;16;20;92;f
756782954;0;0;0;0;0;f
75777355;43;571;19;131;482;f
759715687;3;55;1;3;8;f
759916501;10;190;1;280;2377;f
76286424;26;642;6;22;177;f
763086512;11;589;11;119;395;f
763095612;3;25;1;1;11;f
764731350;6;831;2;74;577;f
765917083;9;432;5;105;1849;f
76612795;24;62;2;26;111;f
767682734;173;654;7;23;229;f
769339466;5;31;4;1;6;f
769388442;75;373;15;1;21;f
770176435;43;327;108;234;519;f
770831810;19;613;36;191;534;f
770877740;22;492;1;111;839;f
771812148;143;1004;49;211;763;f
772157005;4;301;2;156;1576;f
77441233;128;970;3;18;230;f
77558505;61;1495;54;24;338;f
78085591;41;294;11;93;531;f
783425629;3;179;6;160;1398;f
78350498;0;7;0;10;136;f
783908516;28;549;20;404;567;f
78719596;2;79;0;2;86;f
78967328;30;742;1;7;104;f
791830218;2;1;1;0;0;f
791874462;32;1030;4;1;3;f
792462121;20;72;8;2;27;f
79328703;24;131;2;31;119;f
794155152;27;1171;33;30;151;f
794406714;16;235;3;24;460;f
794598979;14;312;4;7;68;f
796144921;4;35;0;11;52;f
797268164;6;161;3;8;52;f
798613004;6;870;83;31;646;f
79928314;51;224;6;338;692;f
80000814;14;262;23;113;1535;f
8029522;28;443;5;58;1023;f
804830348;7;277;1;237;1895;f
805436466;31;747;36;42;370;f
8072492;15;473;0;26;139;f
807804577;4;559;1;72;921;f
809654154;0;3;0;0;3;f
81239268;24;2210;4;25;226;f
812919140;11;36;1;608;1579;f
81305759;65;863;11;122;762;f
81352611;58;835;2;144;1148;f
813844694;274;600;9;113;716;f
81393070;37;391;24;8;39;f
81592426;24;1164;0;11;243;f
819790166;7;75;0;41;251;f
82223420;1;4;0;3;18;f
82523340;7;88;10;348;1180;f
826579765;64;2192;22;2;26;f
82741018;6;74;1;85;533;f
82841878;45;1491;156;33;695;f
830276562;0;36;0;174;2312;f
831741072;5;124;4;41;127;f
83585169;11;243;3;3;26;f
836479597;3;354;0;23;260;f
838091869;57;567;8;249;818;f
83991923;0;1199;33;12;456;f
840460058;0;1;1;0;6;f
84114885;15;36;0;331;2058;f
841859053;0;23;0;6;57;f
84214494;31;500;35;52;929;f
842829588;248;1921;17;6;73;f
84302853;2;13;2;55;491;f
84361482;101;806;4;154;1064;f
84426046;6;32;2;13;68;f
84561646;50;722;26;53;389;f
846476335;95;630;28;21;182;f
847160485;62;644;11;96;961;f
850152661;79;797;17;96;920;f
85067793;150;401;3;19;154;f
85305729;12;367;3;182;517;f
853990454;50;366;13;104;1048;f
856270100;10;316;10;98;2104;f
85677419;195;1793;29;1;19;f
857270408;0;29;1;2;21;f
858038708;0;0;0;0;0;f
858836726;0;22;1;10;23;f
86036102;2;19;0;15;94;f
86235989;1;1;0;0;0;f
86805382;5;326;5;102;1807;f
88101280;45;827;2;88;125;f
881425310;13;564;43;109;607;f
883813284;26;519;3;137;1258;f
884743057;16;596;54;14;133;f
88515231;24;737;0;71;445;f
88528666;6;64;1;71;299;f
88640630;34;424;17;131;770;f
887636821;37;439;94;126;757;f
888376710;35;223;4;11;142;f
88930901;66;848;2;60;273;f
889616856;12;218;0;3;54;f
889730977;8;121;1;90;2026;f
890871740;1;11;0;1;11;f
89699349;0;2;1;0;3;f
898218318;11;52;1;0;1;f
898732788;38;1259;6;79;656;f
9011502;64;1101;4;34;521;f
901875258;3;539;10;87;150;f
90229508;99;1129;5;114;1322;f
904594663;122;886;34;234;591;f
90638768;26;629;3;98;2000;f
907187028;12;286;1;53;1635;f
91086879;89;612;68;147;281;f
913855980;5;78;5;39;77;f
91752355;14;150;1;11;241;f
91823642;107;1784;42;82;515;f
91866745;3;202;8;10;216;f
92999280;290;2160;72;47;165;f
932014148;62;1192;4;23;739;f
933709428;13;1008;8;30;157;f
934466887;1;25;0;541;1113;f
9351052;2;77;0;22;233;f
93629172;152;1410;29;81;752;f
938775151;9;7;0;16;26;f
938838264;5;26;0;0;8;f
939438061;2;13;0;5;6;f
940468154;1;353;14;112;1009;f
941822652;23;729;38;109;377;f
942445988;21;643;22;87;675;f
944648335;1;34;1;4;43;f
944979661;1;10;0;1;21;f
947255689;1;14;0;0;2;f
947759960;5;43;1;6;14;f
948150980;0;5;0;3;94;f
94841494;7;269;0;24;194;f
948824810;25;1178;2;21;330;f
949874611;3;95;0;132;2638;f
951290342;1;8;0;5;45;f
95243555;9;1008;1;4;169;f
95463236;87;1061;33;179;1062;f
954799494;20;278;7;124;544;f
955966339;246;1314;13;147;876;f
956387852;18;107;1;27;306;f
960320034;68;140;6;144;1568;f
960978096;14;328;2;154;2363;f
96109716;87;1130;24;121;1518;f
961125284;0;30;0;6;35;f
96139671;6;14;0;488;954;f
96146127;83;218;16;48;159;f
961773920;0;19;0;1;51;f
96319587;5;507;5;1;99;f
964327405;6;49;0;11;97;f
96454595;2;11;0;2;9;f
965192557;1;24;13;74;77;f
965320657;29;77;0;640;881;f
96586973;58;677;30;13;66;f
9664862;2;29;0;3;88;f
96727791;18;169;0;17;166;f
96737211;9;107;0;0;44;f
967983056;43;1167;2;107;792;f
968059567;28;668;52;132;864;f
96815122;69;289;13;66;452;f
968446106;0;4;0;0;0;f
970505658;0;14;0;4;45;f
970920062;59;600;112;46;300;f
971629717;44;785;5;10;329;f
97451169;12;781;1;135;370;f
975603631;1;0;0;0;0;f
977161033;68;832;16;112;517;f
977265403;1;4;0;0;33;f
977387497;13;505;62;186;1257;f
980531466;0;1;0;0;0;f
981556177;2;45;0;0;29;f
982398253;54;104;6;117;947;f
982457101;0;0;0;0;20;f
135894129;7;1227;0;13;164;f
100933746;9;314;4;33;71;f
100996879;1;30;0;43;170;f
101669097;16;755;22;83;995;f
1073409068;15;146;2;47;144;f
1089449275;1;15;0;0;71;f
1137300811;6;36;4;7;43;f
114910555;58;734;22;128;1352;f
1151295038;3;51;0;2;32;f
1329806942;117;873;15;51;634;f
1372316628;60;746;28;36;295;f
1392517694;35;255;32;145;471;f
1021644026;46;783;33;160;534;f
187185454;54;1297;32;78;864;f
188084143;0;651;10;93;46;f
190569663;15;611;0;247;2110;f
195413637;10;114;1;74;257;f
2159938476;16;66;0;291;1942;f
21671968;33;262;2;94;331;f
2167561110;5;388;8;120;732;f
2408316429;21;521;13;63;177;f
241278533;87;856;43;191;1577;f
2422320374;1;41;0;4;195;f
242850274;51;821;54;93;377;f
30059111;60;269;6;13;112;f
899934248;15;213;4;27;556;f
906425923;11;289;15;68;1061;f
916815853;12;78;0;4;47;f
100678199;127;931;15;116;402;f
101119770;83;1956;4;13;224;f
1092912044;31;312;4;20;414;f
1167508879;17;365;1;19;318;f
131559802;28;208;8;82;537;f
1051181264;12;735;19;71;324;f
1071604010;23;347;5;60;510;f
1087095313;8;65;1;0;10;f
112165657;0;16;0;1;2;f
116663132;3;214;0;33;1027;f
121683806;11;67;1;7;38;f
155845161;5;48;0;47;420;f
1646872513;272;447;6;158;423;f
16649518;2;15;0;0;19;f
168791182;23;147;6;141;1429;f
173788566;4;164;1;1;80;f
1908684955;56;446;4;406;1563;f
19406030;19;62;4;14;30;f
1965789655;12;345;9;84;1225;f
216940212;0;471;1;125;342;f
2198357449;2;19;0;42;225;f
2281787582;98;494;58;80;547;f
232547074;37;706;28;119;489;f
2325931652;21;49;0;420;1832;f
252686122;13;144;0;184;2329;f
2562324529;14;98;1;52;1078;f
262328083;100;747;32;119;751;f
264133279;1;34;0;7;68;f
272911207;42;502;12;128;1206;f
2886504237;263;539;1;108;1350;f
292074926;19;552;11;37;693;f
2978583408;10;84;2;11;76;f
3014424879;50;52;3;1201;1706;f
3031785331;0;0;0;135;280;f
33516491;21;185;0;45;336;f
348885670;1;142;0;206;1791;f
3528645202;30;240;6;141;1369;f
39260049;25;840;7;3;9;f
396618509;14;83;0;34;645;f
398297815;45;416;13;112;460;f
417833332;7;19;0;21;153;f
438484498;113;775;3;92;1235;f
43897661;41;347;3;73;279;f
443896569;7;295;2;77;1389;f
44604091;24;264;0;16;49;f
4627816519;0;8;0;197;2626;f
471422290;7;20;1;3;14;f
485137549;6;127;0;42;317;f
498042431;18;146;1;39;526;f
56336047;76;414;6;47;299;f
578916985;23;120;4;9;15;f
754656198;10;129;0;11;132;f
755737819;208;1285;45;131;708;f
76128745;37;97;3;2;63;f
777083114;122;748;6;81;376;f
878747629;166;2336;20;5;58;f
93821152;20;463;1;4;18;f
122185782;10;570;19;61;624;f
143397448;40;215;17;558;823;f
143448270;3;45;0;0;3;f
1435964180;85;640;23;143;696;f
1438143824;42;674;36;119;946;f
1438656991;23;518;27;53;195;f
159931202;5;114;0;352;2414;f
180912768;21;117;4;3;35;f
195322597;6;23;0;6;58;f
2210092394;2;91;0;130;2264;f
2290331999;6;227;14;262;321;f
27611640;2;15;1;3;21;f
301747825;11;37;0;24;128;f
3042681007;5;118;14;28;196;f
753397160;7;146;0;52;461;f
769272692;1;20;3;36;257;f
770676152;90;585;7;335;142;f
776337842;2;168;1;68;1132;f
949432574;1;55;4;406;2197;f
151855545;0;0;0;0;0;f
1552229736;0;161;2;108;754;f
1566113330;27;549;23;104;891;f
1590506935;14;342;47;161;1125;f
164928789;26;201;4;248;542;f
1733095801;71;100;5;20;776;f
1866103464;1;3;1;321;1558;f
2151409268;21;496;28;33;429;f
2203788632;211;640;75;23;78;f
22508731;35;223;3;3;37;f
229851130;29;484;6;216;542;f
237345391;14;721;14;154;785;f
2393217979;50;898;35;0;29;f
2402922414;0;1;1;1;16;f
2505586309;0;5;3;296;936;f
250951747;94;251;30;143;375;f
2522330416;0;6;0;160;2442;f
253281330;133;224;7;46;132;f
2545139917;207;1365;8;21;371;f
2557828094;9;368;184;135;507;f
2615535057;29;126;6;488;490;f
267989312;20;90;2;31;210;f
274556648;22;145;0;0;10;f
2809209216;3;156;13;369;2486;f
28408224;0;0;0;1;67;f
2898613700;3;52;0;14;503;f
290054590;37;101;58;57;95;f
2903963259;22;166;1;360;1639;f
2957860783;58;505;22;205;726;f
3154437062;35;116;110;254;586;f
323992737;49;842;2;112;190;f
341339579;52;391;6;309;808;f
343951197;1;1;0;154;824;f
358976197;58;370;23;93;272;f
3599869394;15;97;3;1;1;f
365440652;3;64;1;10;51;f
372841412;14;65;0;351;2333;f
373579998;9;57;3;87;615;f
381715808;19;399;0;167;1945;f
382271109;3;60;0;24;144;f
384494633;79;566;8;147;200;f
386642514;6;42;1;196;1763;f
393255100;19;203;1;70;1176;f
4041856334;1;5;0;128;124;f
404612694;0;8;0;243;2193;f
406727193;6;87;1;254;327;f
406923780;2;30;0;5;19;f
415848343;53;356;2;165;618;f
42752719;1;11;0;1;5;f
428628035;39;239;6;20;29;f
434832805;0;17;0;11;137;f
440858782;95;331;46;47;311;f
446987691;54;805;51;51;214;f
471179765;151;293;1;344;1735;f
485713097;51;174;2;9;124;f
489714722;30;199;1;74;778;f
49341424;23;277;19;21;218;f
512362882;10;33;20;3;39;f
52220699;9;55;3;5;84;f
525408377;1;0;0;0;15;f
546039069;36;168;2;232;2229;f
548605379;9;49;0;12;199;f
552577697;1;61;0;52;200;f
556794851;0;4;0;0;11;f
563781857;66;1762;14;78;997;f
564751387;5;12;0;13;70;f
583205235;2;21;0;10;65;f
60340425;17;105;0;12;82;f
613523546;5;48;0;12;86;f
632368135;38;256;21;29;256;f
63517006;18;60;3;6;35;f
724907522;17;377;5;166;1525;f
827287514;0;6;5;23;159;f
84543942;2;19;0;32;143;f
86612717;2;30;1;15;135;f
872703248;25;209;10;115;1222;f
880855315;23;591;12;98;890;f
934949900;3;22;0;0;93;f
93576951;173;727;13;506;274;f
93941188;1;33;5;117;550;f
962847698;22;277;1;141;898;f
972830029;61;665;28;85;787;f
2561813863;16;211;14;9;39;f
2644591095;36;342;27;151;1207;f
557639325;25;967;2;21;133;f
165577958;38;1378;10;21;374;f
230732954;0;51;1;1;15;f
29041319;10;586;16;54;712;f
293953135;7;67;0;2;1;f
301385617;72;1999;1;26;305;f
3949010962;236;181;19;331;712;f
1027713949;29;623;97;93;676;f
102895387;24;223;15;13;79;f
102982202;35;1213;1;79;1188;f
103055195;5;9;0;4;38;f
103087081;28;198;0;21;102;f
1031655967;10;329;5;48;980;f
107295690;2;202;146;18;219;f
1074439423;4;30;0;21;66;f
107719682;35;558;2;170;1122;f
107821380;13;1884;3;70;363;f
11174562;7;33;1;0;1;f
1119146862;150;1190;20;16;275;f
112090178;68;1027;2;109;430;f
112232553;7;19;0;2;4;f
112295272;33;861;26;141;1225;f
1124327604;0;79;2;1;65;f
11690822;67;1120;14;45;330;f
1169114810;4;3;0;3;3;f
117030671;33;1482;47;10;251;f
1170919316;60;1892;46;5;41;f
117343076;12;62;3;2;16;f
123582130;8;597;0;50;315;f
131202911;3;6;0;0;0;f
131273125;2;22;1;0;6;f
1315840890;84;976;4;62;438;f
136633988;7;50;0;492;2336;f
136799314;1;1;0;0;0;f
1368782322;26;187;1;39;805;f
1372574677;35;636;5;19;236;f
137390297;3;33;0;14;33;f
1421737704;2;42;2;11;197;f
142239909;5;17;0;18;245;f
14244447;0;33;6;46;1027;f
1425134526;0;0;0;0;0;f
14290542;4;16;0;596;2446;f
1477585832;45;643;35;93;676;f
1540042063;7;123;1;19;94;f
1544322560;10;233;3;145;1501;f
154477852;15;81;2;5;72;f
154624409;3;44;1;1;13;f
1549052863;68;1654;44;68;308;f
1558984046;94;653;27;72;922;f
1605128107;2;28;1;181;2407;f
160557792;2;138;0;46;615;f
1607335778;0;93;2;147;2104;f
1668149720;0;0;0;207;1761;f
1668189836;14;91;3;166;2238;f
1669189561;41;327;15;108;1090;f
1669422294;108;747;42;98;721;f
17225810;70;1861;13;34;524;f
1723166832;17;67;23;192;652;f
1723891957;1;1035;0;6;260;f
185165914;11;327;2;271;1325;f
185178011;4;60;0;5;16;f
18527544;18;289;2;90;1891;f
1853487314;65;364;1;570;885;f
1919094559;10;405;3;131;1035;f
1920007904;16;644;10;54;334;f
1921565318;38;801;26;62;908;f
198196003;1;16;0;0;3;f
198678682;5;125;1;1;15;f
199147059;0;3;6;0;0;f
199597851;0;15;0;0;5;f
19973780;47;240;1;231;738;f
2007021;77;900;3;63;508;f
21345227;111;1340;20;146;1439;f
213490843;8;7;0;0;17;f
21388359;54;681;37;47;285;f
21425831;38;1114;0;47;476;f
214678407;9;491;3;59;1468;f
2195466974;35;29;1;13;49;f
21965624;109;1254;583;33;65;f
2202044150;0;0;0;0;1;f
2251504327;38;327;0;136;1305;f
225241810;79;251;109;83;369;f
225248989;14;516;7;211;1264;f
225281874;4;26;1;17;217;f
2293511256;0;3;1;1;12;f
2294138446;3;191;20;46;379;f
229758375;19;289;6;135;2500;f
229875064;59;949;7;4;45;f
2300173172;3;168;5;244;1710;f
2300612154;134;1408;23;73;307;f
230348092;16;416;28;32;266;f
2334993099;11;164;10;119;2361;f
2334997532;0;238;1;36;51;f
2335765524;4;153;9;173;565;f
233783035;0;602;0;36;656;f
2337952426;3;102;12;313;433;f
233890781;9;29;0;18;65;f
2339717389;0;2;0;93;2389;f
2386674962;104;1646;43;85;1052;f
2391773533;16;251;12;133;598;f
2391776040;21;399;8;108;840;f
2394896371;30;850;43;63;890;f
2398376146;39;312;42;33;446;f
2402411230;475;406;32;261;481;f
2441178896;22;230;10;152;428;f
2444856434;8;413;5;123;1734;f
244530155;12;342;0;97;280;f
2445845880;0;3;1;162;2511;f
244733954;87;697;12;64;798;f
2450759503;144;1022;353;27;76;f
24510304;39;226;1;23;154;f
2451451182;2;282;38;0;16;f
2482378631;66;519;26;61;507;f
2482903400;65;597;89;104;612;f
2483152884;40;576;11;117;1223;f
2484023400;1;398;3;0;13;f
2484523928;0;62;0;385;2430;f
2495558156;59;370;3;283;881;f
254427395;0;5;0;30;536;f
2544880153;40;1177;34;84;1033;f
254607817;65;397;3;115;609;f
2546760463;42;607;11;43;438;f
255310143;5;170;1;39;112;f
2573468022;5;14;1;32;128;f
259586390;10;837;27;76;974;f
25965427;23;880;0;118;521;f
259680844;4;86;0;13;160;f
259773527;27;248;3;32;580;f
266560801;44;44;0;6;33;f
266794738;18;550;8;19;289;f
2668485740;34;216;37;64;423;f
266853959;58;825;34;117;427;f
266900678;13;1698;3;31;320;f
2669223349;4;25;0;583;1894;f
27244453;50;1450;17;42;802;f
2725087704;24;359;15;265;1205;f
2725164703;105;385;15;157;1270;f
2765167353;127;505;8;212;569;f
2770265184;261;657;41;50;1003;f
2771573990;20;543;1;183;799;f
2771923762;2;133;7;55;735;f
27725752;6;29;0;0;3;f
28345809;5;97;3;18;558;f
28363979;1;25;0;1;21;f
28366268;0;3;0;0;0;f
28367714;48;849;6;46;831;f
2837440844;17;109;18;24;149;f
2837521193;99;170;1;8;113;f
2837952412;12;150;1;87;681;f
283906965;39;488;0;2;84;f
2885778932;3;708;5;94;736;f
2886020913;32;349;3;20;212;f
2886779494;130;214;37;245;1940;f
2887479128;30;530;43;148;1228;f
2890723418;2;94;0;51;360;f
2891962836;7;11;1;5;30;f
2892945726;24;107;4;408;2261;f
2893783443;50;518;16;86;527;f
2894251059;24;94;18;52;129;f
2894295673;27;53;3;1;8;f
2923333680;56;352;2;175;832;f
2923624055;2;250;1;92;1070;f
2963287552;125;11;10;39;56;f
296465140;77;717;40;79;427;f
3006064373;0;6;0;0;14;f
3006132699;0;0;0;10;12;f
30062603;12;188;2;32;270;f
3007221672;0;0;0;0;0;f
3007416344;8;23;1;212;2125;f
3044923343;123;1480;73;18;476;f
30451290;2;5;0;0;0;f
3045548305;14;58;4;194;110;f
3116720165;28;678;5;29;301;f
3119665997;1;2;0;0;0;f
3122666452;0;44;1;154;2325;f
3123482607;162;408;89;39;155;f
312366071;8;139;0;56;417;f
312384683;122;1181;3;92;434;f
313028442;0;0;0;0;1;f
3148380487;121;201;0;71;459;f
319848813;3;706;74;137;767;f
3200944072;0;0;0;490;451;f
321282277;18;202;2;7;22;f
323288281;7;30;0;3;10;f
3307702109;1;102;0;0;16;f
3308496744;16;105;8;354;1233;f
3312287280;12;46;1;391;1770;f
3386628340;0;0;0;1;3;f
338966793;10;544;7;59;956;f
339444631;45;429;4;117;1200;f
340313456;72;422;2;94;735;f
340364061;22;611;99;7;85;f
343743987;1;11;0;0;6;f
350244854;48;356;1;52;185;f
350791585;7;20;1;2;48;f
351621566;6;1800;1;39;71;f
352200933;19;97;0;70;706;f
352822866;32;535;10;167;1819;f
352825934;7;345;5;59;974;f
363613274;12;78;11;215;1450;f
3637105998;8;10;0;213;985;f
36381609;23;348;2;102;846;f
363991245;11;415;4;68;664;f
365297032;53;700;28;51;399;f
365383515;3;21;0;55;726;f
374935732;58;1012;31;108;287;f
375209946;14;329;0;61;489;f
375299270;234;956;6;144;123;f
37539436;183;1186;106;110;944;f
376012638;0;20;0;336;2548;f
377034315;4;271;0;149;1744;f
377287901;47;498;0;28;383;f
384753006;12;172;5;40;435;f
385226809;2;292;0;5;207;f
386333906;2;177;0;5;81;f
387026133;0;29;1;127;340;f
3875295622;35;231;2;114;948;f
395890746;1;5;0;0;4;f
396389071;115;768;21;186;1138;f
396796142;7;116;0;7;204;f
396900261;15;2175;45;1;66;f
397034400;68;718;8;225;1454;f
397236414;1;14;0;0;6;f
405135128;17;175;9;33;148;f
405167133;115;909;15;37;505;f
405281604;127;2248;29;5;79;f
405611085;16;273;1;14;76;f
406150965;43;1105;10;46;653;f
406332336;6;161;1;14;367;f
412325725;15;64;2;8;54;f
412604603;9;67;0;3;48;f
412798449;32;1231;49;48;882;f
424273053;28;526;2;12;211;f
424328175;14;1920;2;33;476;f
425209420;1;32;0;11;281;f
425380217;96;986;13;34;663;f
425767265;1;2;1;0;1;f
42580296;54;1475;39;21;194;f
437721739;4;1;0;0;0;f
43775439;43;546;40;126;953;f
43870029;2;98;0;20;324;f
438756932;0;4;0;0;0;f
439972535;29;1019;3;18;571;f
440311767;36;8;1;175;856;f
440901699;10;187;16;134;1178;f
441497987;21;591;13;89;1836;f
451397835;1;166;0;5;226;f
45307775;25;417;4;132;1177;f
45314390;5;119;0;187;2311;f
453285193;7;150;0;39;784;f
453885595;12;139;3;97;983;f
454183646;94;977;298;80;432;f
454200724;18;552;3;53;393;f
454318003;87;716;9;89;1284;f
454540684;41;816;1;21;259;f
468066235;105;930;33;73;372;f
468198674;15;606;0;33;621;f
46841328;86;847;39;1;2;f
469128515;20;392;0;34;741;f
46928242;23;826;0;55;515;f
469595996;5;529;25;167;1196;f
46961288;58;989;27;148;1704;f
469760228;50;987;13;10;98;f
470005979;25;908;21;98;1058;f
470394724;25;485;26;121;763;f
470696070;29;224;5;162;1417;f
480748987;34;358;1;56;819;f
480790768;12;277;37;226;2394;f
48174034;14;214;11;123;1006;f
481994964;4;332;4;68;2361;f
482086639;7;30;2;84;372;f
482179475;118;620;23;104;262;f
492649414;1;9;0;556;661;f
492728332;28;118;3;181;727;f
493038766;135;985;147;62;662;f
493462829;18;289;17;11;328;f
493596397;8;30;2;25;43;f
502774039;4;44;0;38;59;f
50327694;9;113;1;0;29;f
503771485;491;513;8;32;327;f
504803459;3;67;0;20;95;f
505440359;6;153;4;129;1900;f
50589337;3;141;3;33;193;f
524820621;86;595;62;24;129;f
524836438;100;1265;6;120;684;f
52491055;14;159;0;72;483;f
526702246;4;3;0;6;4;f
52792194;29;947;7;10;171;f
529342153;82;103;0;4;102;f
53114456;31;506;14;361;876;f
531212295;15;68;2;7;28;f
531442979;15;452;0;86;2477;f
549549339;10;166;2;160;1762;f
550428173;77;819;13;8;70;f
551611541;56;1834;11;8;36;f
551659692;0;86;1;10;133;f
551894180;18;205;4;12;99;f
552190256;4;81;2;227;1833;f
5656162;40;1012;0;17;233;f
566099034;102;256;10;58;471;f
566141260;0;34;0;0;20;f
566374197;5;67;0;5;32;f
566576689;29;891;69;134;730;f
56706947;9;307;7;38;541;f
567764993;5;934;1;72;923;f
578904059;12;27;4;0;11;f
58017998;73;564;10;7;90;f
581866430;21;547;0;119;1665;f
58394645;35;350;4;0;1;f
585849333;2;56;0;24;261;f
585912212;31;478;1;75;1452;f
586584556;4;12;0;1;16;f
58702972;45;578;6;137;281;f
587271182;7;61;1;37;178;f
601942084;20;558;30;142;974;f
602212821;2;94;0;2;120;f
602758496;25;62;1;173;747;f
60287101;40;1020;0;0;4;f
60295206;76;357;24;11;9;f
603691239;1;31;8;133;1113;f
604518391;5;9;0;0;21;f
604758810;3;116;0;5;164;f
604961774;26;812;7;129;1469;f
605377564;183;154;16;321;401;f
61728897;0;7;0;5;95;f
6175692;8;9;0;1;9;f
617872589;207;498;1;4;21;f
61794519;4;25;0;17;58;f
618038687;35;978;4;11;190;f
636764655;13;350;58;62;473;f
63822625;55;258;8;54;173;f
63830658;41;1081;5;33;732;f
64174539;6;160;5;17;34;f
64254224;77;2181;7;2;71;f
708043502;6;178;2;101;1886;f
708484592;23;717;13;101;835;f
710259321;1;30;2;189;2365;f
71074298;26;201;0;137;1156;f
711216631;1;214;0;4;124;f
71318808;0;0;0;5;32;f
750002538;12;677;13;116;383;f
751241954;3;121;1;20;169;f
751737240;62;1471;4;39;314;f
751950187;22;704;7;45;876;f
75270480;8;279;1;59;718;f
75386921;17;134;0;796;2143;f
753906162;11;421;7;54;634;f
75522479;17;909;23;22;220;f
755745950;117;1397;9;28;547;f
780431689;0;0;0;0;0;f
83285256;13;131;0;165;1918;f
83296294;1;3;0;7;0;f
83390456;55;372;43;120;273;f
834141984;9;201;17;26;453;f
835249056;1;8;1;5;28;f
835763546;3;67;0;21;51;f
87029466;1;0;0;0;0;f
8711952;1;111;1;3;47;f
87334609;39;125;7;110;1259;f
87654715;192;213;16;6;50;f
877925696;14;154;9;205;960;f
880761;0;0;0;0;0;f
92225723;12;459;0;68;1180;f
922305175;0;0;0;4;409;f
925532102;0;0;0;20;552;f
9272142;40;921;6;55;408;f
928613839;5;219;2;109;1237;f
929410398;1;15;0;0;4;f
956717191;20;559;3;97;2007;f
956829350;23;638;4;87;521;f
95748016;174;484;18;108;160;f
95760717;0;0;0;0;2;f
985509799;0;1;0;0;1;f
985768968;31;706;7;56;1021;f
98596642;54;1126;2;35;212;f
986498262;21;1002;47;41;429;f
987245388;46;220;7;13;47;f
988985683;3;74;0;8;68;f
989957600;18;415;4;152;583;f
990963038;5;59;1;9;38;f
995452020;33;353;3;88;1818;f
996130794;50;780;27;81;493;f
99716926;41;953;14;19;141;f
997997443;37;834;133;62;331;f
998131124;92;1250;12;48;275;f
1057015448;109;783;5;47;697;f
12765892;0;0;0;0;0;f
2218930639;34;211;4;35;240;f
2903774120;18;37;0;7;89;f
3143061484;0;0;0;0;0;f
4012166847;0;0;0;0;0;f
1000486495;0;6;0;1;2;f
1001305494;4;155;2;309;1336;f
1002533372;14;134;0;3;62;f
100459808;0;60;2;3;173;f
1010894497;49;768;12;9;60;f
101098094;31;1412;109;24;429;f
1011395167;23;705;4;33;1106;f
101503282;171;1304;29;69;519;f
1016015984;245;825;12;135;350;f
1017001452;6;73;0;0;1;f
1018511592;17;167;3;11;334;f
102034928;13;61;2;26;82;f
1020696912;45;268;1;71;390;f
1021811083;56;724;18;14;143;f
1021876490;6;91;5;45;760;f
102422355;0;5;0;5;63;f
102589750;29;481;6;174;598;f
1027167481;43;111;5;463;1645;f
102760709;17;399;2;83;747;f
1032386005;10;139;0;247;2289;f
1032838123;11;24;3;0;3;f
103304208;2;149;8;29;136;f
1033055161;8;209;0;63;1156;f
10352582;11;472;17;101;1701;f
103562230;10;499;18;69;186;f
1038384050;13;86;0;19;214;f
1039093681;22;191;1;126;729;f
104213670;31;116;9;12;43;f
104451533;21;345;6;61;1498;f
104491100;35;367;10;375;1261;f
1046762064;176;175;1;263;856;f
104818930;31;90;1;23;116;f
1048631647;26;126;0;360;1723;f
10492262;8;274;0;17;275;f
105128951;0;7;0;0;27;f
105158846;28;270;34;181;862;f
1053161654;1;424;4;87;1319;f
1053216716;21;455;6;17;143;f
105496654;63;363;1;22;184;f
1056650594;3;427;1;106;695;f
1059054242;116;1380;32;83;854;f
1856665320;0;0;1;0;0;f
1065256472;16;408;28;208;942;f
106787019;21;240;7;6;28;f
1070682204;10;78;0;36;319;f
1072217274;5;100;2;3;75;f
107990833;64;1337;13;37;580;f
107991930;0;17;0;19;16;f
1081092084;0;10;1;4;126;f
1082746016;1;13;0;0;5;f
1082796816;2;62;4;27;106;f
1083991861;13;220;35;247;977;f
108425531;44;553;17;93;546;f
108544977;58;683;6;91;553;f
1091396210;0;0;0;0;0;f
1091884188;4;20;2;9;56;f
1093553114;9;552;8;52;435;f
1094680927;15;299;3;90;1028;f
109577056;195;1663;53;124;537;f
1095958825;0;5;0;66;164;f
1096555944;7;71;68;128;1311;f
1096575422;59;1005;23;17;26;f
1097557525;38;189;38;78;443;f
1100359458;66;1075;8;49;921;f
110087402;6;98;1;3;43;f
110118205;102;1845;155;79;286;f
110122113;5;1000;19;32;354;f
1102593332;7;51;1;278;2534;f
1105238581;140;314;9;46;341;f
1105558410;1;15;1;4;42;f
110928853;45;1679;12;29;453;f
110942781;6;39;0;19;120;f
1112944590;11;327;9;176;1219;f
111354647;0;0;0;0;0;f
11142362;1;13;0;0;1;f
1114707913;7;320;5;7;138;f
1116630582;15;1115;18;25;228;f
1128650791;17;527;38;237;484;f
1129520276;0;2;0;0;1;f
113134931;0;0;0;0;18;f
1132139449;2;39;2;3;36;f
1132376958;11;35;0;16;147;f
1133943835;6;30;0;5;53;f
113487244;28;1042;0;10;79;f
2874745180;15;160;16;64;390;f
1141299306;11;319;0;194;1264;f
1143470466;2;34;3;7;48;f
1143583040;57;527;91;116;953;f
114370111;100;231;6;19;124;f
1144070936;31;659;111;46;644;f
114467204;7;411;0;3;37;f
1147652996;0;0;0;0;1;f
114849265;38;273;1;155;715;f
115340992;6;179;4;51;502;f
115785153;69;364;1;68;296;f
11630862;45;1202;22;78;886;f
1164265063;1;48;6;0;6;f
116538160;1;144;0;12;182;f
1165440415;2;47;4;105;2322;f
1167773802;12;281;38;118;1238;f
1168487113;0;7;0;5;48;f
1174404932;3;15;0;0;2;f
1177471489;14;131;0;6;35;f
117928569;3;243;24;64;256;f
1179541274;2;2;0;11;31;f
118197667;20;19;0;19;108;f
118504705;20;408;1;147;2237;f
118620257;19;595;1;6;119;f
1189056510;0;1;0;0;10;f
119112245;4;29;2;16;32;f
1191506041;9;541;1;77;1383;f
1192626410;8;394;68;111;1385;f
120082878;3;7;2;0;10;f
1200888036;5;6;1;0;2;f
120138281;94;1549;1;128;1243;f
120562410;38;180;1;168;971;f
1212975186;1;16;0;1;14;f
1214857692;28;358;0;152;1598;f
121905658;1;16;1;11;67;f
1219247983;1;1;0;3;4;f
1220305290;1;125;6;194;634;f
122034494;150;219;3;2;33;f
122047987;11;191;5;205;1023;f
1220963168;0;1;1;0;0;f
122428644;26;220;0;174;2002;f
122483591;208;681;5;218;289;f
122484275;4;51;0;0;17;f
12287842;114;1582;0;45;511;f
123209387;1;10;1;2;28;f
1232534634;32;495;95;137;862;f
1233652698;82;384;12;426;635;f
123912727;3;78;1;14;312;f
1239749712;13;33;6;766;847;f
1240102604;0;30;0;74;967;f
1241381473;6;182;3;1;14;f
124327640;8;651;6;87;927;f
1244458130;4;285;0;103;1415;f
1245621752;150;625;39;65;219;f
124646986;23;249;433;17;300;f
125218383;4;26;0;13;59;f
125584035;30;649;12;140;1159;f
1258379012;13;188;1;36;92;f
12623352;5;104;1;18;222;f
1262434507;0;73;1;3;83;f
1263018109;49;265;480;24;125;f
1264637672;4;376;1;98;754;f
1268970468;21;287;31;128;1308;f
126921664;42;813;1;76;273;f
126967628;0;30;0;3;24;f
1269835369;102;652;36;138;305;f
1270220785;52;819;113;71;310;f
127109283;25;275;7;138;301;f
127110363;111;470;0;48;545;f
127251210;68;1356;34;22;263;f
127895572;25;422;1;74;871;f
1279160827;4;517;37;84;1040;f
1279603333;7;27;1;307;1354;f
128143965;9;40;1;16;111;f
129013638;15;658;19;72;459;f
129214047;100;1001;6;169;1215;f
1292623788;27;303;8;140;1258;f
129586152;2;25;0;0;6;f
1297400558;372;866;82;20;53;f
129966627;144;1207;48;65;489;f
1304624581;77;970;2;0;4;f
130663000;13;81;0;49;600;f
1306882627;49;110;0;670;1618;f
130766020;23;855;1;62;655;f
1307962584;71;520;12;180;1778;f
130862744;52;442;602;142;1133;f
131043638;60;261;27;0;3;f
1319382349;3;136;11;106;760;f
1320009336;3;1204;18;35;986;f
1320810841;4;184;5;106;1269;f
132104173;85;1128;13;18;304;f
132128902;23;79;1;4;15;f
1321364888;119;925;48;12;97;f
132569641;1;0;0;0;3;f
132621562;4;14;0;1;5;f
132888488;31;810;3;76;459;f
132983450;4;11;0;76;247;f
1333119788;2;16;1;0;1;f
133387350;1;2;0;3;20;f
1336097480;8;1182;9;154;500;f
133977689;26;402;35;230;1001;f
1342734066;1;340;0;145;1904;f
1343220962;84;660;42;18;246;f
1343441293;78;547;80;94;940;f
1344649519;62;906;4;156;749;f
134526134;9;682;9;29;567;f
1347167636;7;364;12;69;273;f
1348304756;9;153;4;119;2274;f
134978414;2;144;3;23;186;f
135111235;3;128;1;9;76;f
135176594;7;755;4;55;571;f
1352111719;0;0;0;0;0;f
135248338;5;20;0;25;244;f
1353072290;104;715;11;1;35;f
135441917;23;363;18;27;299;f
1355537995;38;111;3;290;1365;f
135554110;3;132;3;9;134;f
135693647;80;1817;140;16;324;f
135805452;25;156;0;119;1755;f
136245387;0;1;0;97;3064;f
136368506;1;1;0;0;11;f
1365254774;28;757;7;254;1319;f
1375854145;2;1240;4;27;571;f
137666026;28;1071;1;48;846;f
1377385290;3;43;4;12;163;f
1378532629;18;1191;9;64;336;f
138322603;12;79;0;9;46;f
138449260;1;115;0;238;1593;f
138472981;157;2136;17;15;93;f
1385409996;35;511;14;62;732;f
1386010838;44;460;3;57;1368;f
1387135098;3;242;24;107;1571;f
1388623428;0;6;1;6;45;f
139321563;16;233;0;13;112;f
139382900;42;504;32;95;274;f
1394692622;11;280;2;205;2384;f
1395091087;837;1087;20;88;116;f
139956067;39;424;16;92;877;f
140018040;14;298;3;135;761;f
140033231;12;260;2;86;1604;f
1400849420;42;585;5;312;1356;f
140138671;29;511;10;182;1807;f
140191830;31;1449;10;20;620;f
1403557327;20;656;29;122;733;f
140356430;215;577;169;177;1060;f
1404817634;1;228;2;43;440;f
1408968848;0;0;0;0;0;f
1409004344;0;113;2;97;875;f
14112759;3;48;1;7;99;f
141669233;87;641;2;70;370;f
14196068;95;1651;10;49;793;f
141977425;17;253;2;73;1030;f
14300066;130;1811;32;33;464;f
143153117;44;1101;21;32;241;f
1434623629;1;14;0;261;1067;f
143599785;11;329;6;6;37;f
143990497;3;40;0;1;23;f
14418605;5;516;0;166;2277;f
144207876;80;901;17;25;66;f
1442867772;39;1540;6;4;156;f
1446851233;63;802;29;41;409;f
14474989;2;113;2;25;629;f
144774872;22;975;1;65;720;f
1450717308;12;33;27;4;32;f
145422178;29;76;0;28;221;f
145583439;35;1507;133;39;363;f
1456643797;321;791;5;10;30;f
14573824;43;1531;5;31;537;f
1458360991;5;162;9;92;694;f
1461336158;106;420;31;95;1116;f
1465100186;511;258;7;136;293;f
1466703355;0;2;0;0;0;f
1467803281;14;229;10;284;1546;f
1468885260;20;142;1;57;1870;f
1475800022;37;630;4;19;320;f
147630373;8;59;1;9;34;f
14764956;5;464;0;53;974;f
1476770959;2;86;4;240;163;f
147900782;57;1170;38;52;312;f
14807739;11;394;1;4;104;f
14824425;13;489;2;82;1367;f
1484793769;49;1188;40;40;339;f
14851579;45;1589;2;33;599;f
14867242;6;96;0;1;41;f
1487214566;218;695;60;88;470;f
1490237024;34;561;16;77;845;f
149038171;19;1119;12;43;1068;f
14905688;66;1075;0;18;459;f
149245813;22;1174;3;85;406;f
1495120194;0;0;0;0;0;f
1495594020;7;623;13;35;714;f
14958182;15;516;5;24;293;f
1495947138;23;768;191;35;217;f
14962822;29;1070;47;0;0;f
1497216728;15;266;14;191;940;f
150183040;49;1021;65;27;207;f
15084319;18;556;0;20;164;f
150993495;10;873;3;53;719;f
1511686806;19;470;15;26;493;f
151602547;16;249;1;28;51;f
1518279440;29;1328;22;52;147;f
151832482;65;701;3;63;915;f
1518993158;2;68;0;29;676;f
151969817;0;1;0;0;4;f
152077459;398;838;7;163;143;f
1523642533;0;0;0;1;516;f
1526209446;18;606;36;58;979;f
152644666;9;215;0;229;1115;f
152661729;69;726;7;109;840;f
152742559;174;1183;10;234;907;f
1532869387;0;131;0;610;2146;f
1534422504;0;4;1;4;118;f
1534616766;23;530;39;56;345;f
1534906297;7;197;6;122;802;f
15367428;221;776;13;9;36;f
153690249;12;326;3;24;1086;f
1536909666;0;0;1;1;11;f
1552210417;31;688;2;194;1729;f
15530118;1;17;0;13;69;f
1553611423;49;944;11;21;417;f
1559643193;14;239;1;14;231;f
156039467;11;174;3;92;1563;f
1560481692;11;80;3;13;140;f
1561409924;94;454;78;91;133;f
15622858;19;50;0;1;30;f
