TwitterIDsOfHumanUsers,#Friends,#BotFollowees
565292271,381,151
2855099577,340,129
122721332,361,122
2361870980,349,110
2675983039,317,108
376821900,383,100
2321395147,221,97
197602470,334,93
2476208768,319,90
2752242934,356,86
2856856405,340,83
2444804780,240,82
53102055,295,78
147528665,342,75
2362930014,333,72
53375745,390,71
3134399143,221,71
2642655806,169,67
605838742,334,66
125088832,366,65
238588883,353,64
2244762307,269,62
3008527726,312,61
599736873,364,61
389652102,327,61
30638954,365,59
263920631,242,59
345318456,270,59
1326731076,276,59
2840542213,345,59
557842655,234,59
770351910,343,58
2577843735,133,58
86125841,372,54
971643848,242,54
409118790,275,54
45110939,301,53
50797260,143,53
315458934,297,52
271458239,296,52
1135530474,265,51
2532135561,325,51
3599869394,131,51
2275266018,172,51
2385910022,175,50
25507308,275,50
3163287565,362,50
4264220174,317,50
603243453,357,49
45434489,234,49
2942417632,216,49
1395374546,380,47
250019502,365,47
183638275,276,47
913455692,166,47
924714103,96,47
563452765,257,47
486966473,395,47
705736374,173,47
256051523,297,46
400300086,331,46
85850428,260,46
2846410981,353,46
610896066,316,46
317336535,263,46
2499922645,258,45
153439655,369,45
2783924411,338,45
121080165,221,44
39661642,345,44
259139318,361,44
974434579,278,44
181191549,313,44
709681854,306,44
2379422593,349,44
32988810,226,43
636107261,368,43
589910604,274,43
571938412,320,43
535537105,279,43
229298733,381,43
2419662654,199,43
290494853,345,42
1090138922,382,42
341146276,234,42
421847529,361,42
2462247966,270,42
365665311,327,41
402955893,232,41
591104103,342,41
151855545,73,41
459680754,306,41
2899116833,268,40
48357793,192,40
463045937,95,40
36897295,218,40
434591482,266,40
3342780699,313,40
418641071,355,39
1669774705,268,39
36174874,191,39
457808323,336,39
362075658,303,39
1442637312,151,39
85058609,143,38
839690880,361,38
2805340929,371,38
244808030,312,38
245970658,379,38
1037384052,299,38
3418250561,318,38
993583230,245,38
1911524743,254,38
4041856334,211,38
522559673,312,38
2763354004,293,37
476264444,377,37
14516139,293,37
418140622,250,37
42752719,348,37
1136566969,234,37
707526853,271,37
2790601415,156,37
465431316,242,37
20455924,262,36
987656269,258,36
2906440417,176,36
381666513,204,36
357897494,270,36
2527442282,193,36
52053744,303,36
406165467,363,36
477087533,194,36
2243809497,246,35
217615594,277,35
143448270,382,35
365993895,300,35
608022298,275,35
56336047,385,35
3154437062,194,35
383292062,372,35
546533556,205,35
478994018,258,34
6134312,192,34
603047832,263,34
118386377,306,34
22508731,333,34
1099915572,328,34
425908255,293,34
20219315,266,34
52220699,330,34
3013763124,246,34
480715104,277,34
600867440,267,33
439875805,329,33
61452320,192,33
365440652,389,33
33516491,347,33
3031785331,139,33
329103684,233,33
301747825,389,33
1064278820,179,33
342527071,350,33
1387377110,262,33
2277340458,373,33
103954508,242,33
270472440,251,33
927653365,316,33
43897661,360,33
2792443824,365,33
393980520,349,33
401575582,259,33
364275391,370,33
862068776,361,32
553617306,230,32
725675244,346,32
180912768,384,32
2273637470,304,32
14492555,133,32
2444483352,349,32
1223669587,313,32
164928789,382,32
612129754,311,32
291594394,288,32
396625283,326,32
321281383,228,32
1130868744,280,31
1010619756,350,31
58789772,365,31
574488060,252,31
2558169572,321,31
296178601,144,31
989639142,331,31
383825758,344,31
1866103464,127,31
944670684,316,31
479815906,202,31
290925883,304,31
410403665,190,31
425759519,238,31
155845161,366,30
3064106563,344,30
631835073,324,30
391572279,283,30
1386890102,169,30
489714722,375,30
1058497004,138,30
556451163,348,30
482131412,286,30
93576951,349,30
311505461,292,30
2376714811,357,30
40831469,133,30
389715862,162,29
880855315,400,29
614133542,344,29
1398673159,210,29
1014830304,342,29
15682749,219,29
67253599,345,29
2329415154,190,29
92999280,349,29
2641211740,343,29
378028393,336,29
50589337,347,28
338031335,209,28
2688868016,245,28
913305372,279,28
2332729243,292,28
441483457,236,28
2334424716,285,28
2167561110,397,28
233444535,220,28
512740942,286,28
267989312,323,28
243926487,264,28
50357236,135,28
406727193,362,28
495077879,293,28
262328083,377,28
5656162,385,28
114541436,228,28
2877305570,343,27
1684391718,229,27
440858782,381,27
470227974,254,27
170745775,255,27
2809209216,359,27
111054613,249,27
381715808,350,27
86036102,356,27
318768709,186,27
44857059,218,27
293359929,274,27
329481796,187,27
453052223,186,27
942553597,221,27
58436154,162,26
49341424,251,26
471179765,362,26
386642514,340,26
358733502,256,26
2310280190,227,26
2917922532,228,26
396618509,387,26
274556648,320,26
1664948012,225,26
878747629,397,26
1449847652,222,26
396515695,304,26
190569663,309,26
2844553761,337,26
750948720,240,26
1029836556,187,26
2859962410,333,26
1051543620,336,26
2889365683,299,26
317296274,248,25
292074926,348,25
962847698,353,25
735482582,187,25
433304048,226,25
958530558,281,25
370595287,199,25
1733095801,360,25
531007524,209,25
545291748,252,25
30059111,269,25
476496615,280,25
86612717,246,25
3123482607,133,25
101669097,299,25
566807971,251,25
314030119,257,25
378228984,261,25
16649518,253,25
614249086,240,25
233783035,359,25
301071486,229,25
3019910341,152,25
2596423866,244,25
450891761,237,24
1543392469,195,24
154197349,154,24
6015122,306,24
202602943,248,24
515405009,386,24
2916170922,307,24
620078665,201,24
290054590,311,24
906425923,347,24
438955880,190,24
443030647,225,24
4627816519,394,24
72816504,375,24
1624050403,256,24
755737819,389,24
972830029,348,23
469306120,185,23
492516531,289,23
337161930,349,23
2522330416,319,23
2339482580,214,23
2159938476,306,23
84561646,364,23
203036898,228,23
78085591,321,23
398297815,341,23
438484498,338,23
2898613700,318,23
198196003,352,23
101119770,245,23
141223622,217,23
564963576,247,23
576967621,184,23
481016648,259,23
754659732,284,23
21257459,350,23
290734286,182,23
60295206,289,23
4097930772,205,23
8711952,317,23
335837698,241,23
2203788632,195,22
1566113330,310,22
2960017537,141,22
31107779,363,22
45689818,335,22
726845964,282,22
2933515420,138,22
55532545,299,22
232547074,291,22
3382678798,207,22
497258691,228,22
496968634,182,22
469580096,177,22
466686655,197,22
96139671,366,22
916815853,153,22
151969817,376,22
187185454,253,22
2481200448,226,22
16649872,153,22
2463415592,159,22
195188594,323,22
206532639,341,22
63517006,231,22
21131225,268,22
546039069,309,22
428628035,129,22
3943702392,223,22
2178486371,83,22
221404952,355,22
343951197,293,22
2957860783,242,22
2903963259,321,22
229851130,255,22
50650272,179,21
61728897,243,21
237345391,261,21
2393217979,306,21
407770732,171,21
198656514,207,21
806660965,200,21
769272692,149,21
1668149720,73,21
100678199,220,21
552577697,310,21
76128745,236,21
100996879,248,21
25965427,321,21
2477931252,351,21
2335765524,348,21
2210092394,208,21
1629520862,262,21
186855547,277,21
253281330,131,21
1126202310,229,21
350244854,331,21
45598301,268,21
250645562,223,21
2198357449,324,21
2151409268,300,21
636709756,265,21
3042681007,256,21
439704967,168,21
164284493,365,21
250951747,246,21
189152524,96,21
475175670,249,21
632805096,182,21
2978583408,207,21
581136968,165,21
443896569,316,21
362675330,193,21
2562324529,318,20
1021644026,176,20
217350735,197,20
2601649933,382,20
624058980,252,20
360270369,338,20
3528645202,295,20
14764956,333,20
122483591,327,20
438437579,189,20
62017536,280,20
63297174,335,20
131559802,209,20
14474989,322,20
116663132,204,20
28408224,133,20
195322597,223,20
2317290118,373,20
17498356,226,20
753397160,287,20
1435964180,264,20
1027167481,358,20
931226863,248,20
27611640,157,20
382271109,249,20
297449289,346,20
407689676,208,20
29536164,288,20
501764279,242,20
548605379,146,20
254427395,334,20
556794851,132,20
1167508879,164,20
2714432840,137,20
442443737,363,20
149038171,300,20
19406030,120,20
248134718,304,20
563781857,296,20
56706947,376,20
827287514,277,20
81592426,319,20
3015346510,98,20
2557828094,258,19
382525185,234,19
1526209446,343,19
272121120,193,19
188084143,238,19
135894129,231,19
2422320374,249,19
143397448,203,19
3005999630,344,19
481632109,216,19
486198118,228,19
33679344,275,19
168791182,243,19
28345809,262,19
3014424879,218,19
39260049,208,19
417833332,281,19
1567482860,225,19
231721237,375,19
546624895,227,19
119112245,265,19
562125685,184,19
573824373,232,19
242201256,111,19
291492315,326,19
630544784,198,19
2411423599,115,19
751144658,199,19
724907522,272,19
2505586309,240,19
60340425,184,19
2957034817,130,19
446987691,173,19
387971079,297,19
1552229736,206,19
318703449,318,19
42002841,316,19
384494633,140,19
2290331999,204,19
1438143824,282,19
2615535057,235,19
131202911,237,19
112165657,205,19
1071604010,248,19
1051181264,180,19
2707450740,116,18
400741034,295,18
95463236,361,18
63830658,260,18
1092912044,267,18
832044601,213,18
3268602666,244,18
715489820,221,18
2984951330,147,18
349485739,288,18
93941188,148,18
147900782,242,18
371832097,365,18
241240275,189,18
21671968,172,18
1137300811,149,18
436807160,348,18
323992737,229,18
485713097,149,18
2220325358,339,18
1930770414,128,18
68375375,116,18
1662847039,146,18
343307517,199,18
714240744,314,18
2545139917,256,18
1590506935,271,18
93821152,128,18
354010930,324,18
2767502085,343,18
353261938,288,18
122047987,333,18
536512353,189,18
393480403,197,18
309564645,373,18
3033627449,129,18
1010894497,323,18
212261532,254,18
889730977,378,18
305476548,282,18
1375854145,311,18
581407038,193,18
48460955,263,18
129013638,266,18
1128650791,310,18
1438656991,251,18
264133279,250,18
129586152,231,18
551894180,355,18
131273125,104,17
2886504237,229,17
15367428,268,17
84543942,172,17
121683806,169,17
145422178,237,17
632368135,163,17
294182639,100,17
2731681,159,17
3286661012,236,17
889616856,375,17
23770754,191,17
2725164703,337,17
2375973638,153,17
18433843,352,17
2445845880,285,17
2402922414,251,17
512362882,148,17
956387852,387,17
1038384050,143,17
2618119582,303,17
25046383,194,17
364545427,204,17
236486106,352,17
2182527116,66,17
400008688,310,17
2975968796,134,17
2402411230,380,17
2307249169,327,17
1087095313,248,17
372841412,205,17
977161033,362,17
195413637,182,17
2408316429,256,17
1089449275,265,17
632503479,86,17
241278533,195,17
36559020,293,17
122428644,378,17
100933746,200,17
548938182,201,17
37889070,383,17
55592032,285,17
899934248,205,17
770676152,208,17
776337842,217,17
587515464,200,17
783908516,344,17
303061039,257,16
333412049,297,16
332447134,343,16
329285009,376,16
3180501039,338,16
315478329,310,16
1105238581,166,16
44604091,141,16
1279603333,153,16
1320810841,290,16
132128902,96,16
1908684955,179,16
173788566,148,16
135111235,58,16
1365254774,329,16
138322603,254,16
1372316628,263,16
144207876,372,16
872703248,187,16
583205235,199,16
434832805,195,16
415848343,192,16
404612694,203,16
393255100,216,16
373579998,213,16
223840972,274,16
949432574,208,16
159931202,162,16
95748016,207,16
43775439,348,16
2837952412,354,16
229758375,301,16
2293511256,104,16
252688673,299,16
21965624,217,16
242850274,194,16
2654027174,46,16
26967415,350,16
907187028,280,16
763095612,276,16
276837866,268,16
629661106,373,16
621741580,335,16
2846002106,338,16
57616787,216,16
49977491,225,16
471203497,392,16
380662905,284,16
37060280,258,16
3027627954,91,16
708043502,329,15
72314987,349,15
154477852,342,15
1607335778,367,15
402866477,379,15
1936513045,312,15
341339579,174,15
212724606,291,15
338966793,282,15
368540321,239,15
2250794221,172,15
171422343,283,15
272911207,205,15
225241810,247,15
566141260,108,15
358976197,184,15
69310149,205,15
1832476196,284,15
564751387,202,15
271277112,244,15
2943103386,138,15
96586973,367,15
6618042,217,15
43476480,263,15
759916501,389,15
2819670100,196,15
1151295038,178,15
252686122,195,15
2662011020,328,15
1073409068,183,15
31648644,243,15
626145415,248,15
2827521307,174,15
292577710,287,15
1072217274,373,15
1021876490,294,15
395890746,79,15
614770385,253,15
350160058,254,15
1534422504,384,15
429262110,321,15
485137549,226,15
934949900,188,15
2325931652,218,15
348393966,288,15
439972535,304,15
157604170,300,15
2281787582,224,15
157809852,235,15
2411403787,61,15
160883386,119,15
11630862,289,15
523521363,332,15
55769013,305,15
2595483597,329,15
1965789655,233,15
525408377,200,15
122185782,172,15
982398253,172,14
743585972,387,14
2788405899,271,14
714301764,247,14
47610275,303,14
2805643019,289,14
67367320,266,14
754656198,174,14
495020496,259,14
612924270,126,14
597381176,256,14
497125259,121,14
506501965,155,14
1144070936,356,14
545516275,351,14
406923780,193,14
19300510,361,14
296465140,277,14
350114766,328,14
613523546,198,14
835249056,118,14
2502597096,205,14
174430412,287,14
174256925,295,14
330202919,377,14
400748069,131,14
3054738993,261,14
1020696912,245,14
21345227,327,14
3280135166,138,14
552190256,136,14
136799314,344,14
1688566994,140,14
258228815,299,14
11174562,300,14
2969720312,166,14
2965142314,251,14
531442979,291,14
15530118,119,14
262165317,126,14
429647166,323,14
434460614,328,14
3604991185,94,14
493038766,77,14
2425001424,189,14
877925696,133,14
2661524223,200,14
114910555,168,14
1329806942,219,14
1392517694,225,14
96737211,212,14
26970502,183,14
135441917,113,14
1646872513,199,14
9351052,182,14
436978148,233,14
91866745,342,14
91823642,265,14
359219562,314,14
444833485,396,14
847160485,294,14
84426046,122,14
82223420,60,14
468198674,369,14
794406714,235,14
349796717,221,14
107990833,340,14
2275686336,263,14
1659710504,309,13
103055195,123,13
72149178,289,13
118620257,256,13
426531620,368,13
56466070,273,13
568388087,275,13
51738765,268,13
515271142,264,13
11142362,100,13
913855980,91,13
495053365,353,13
99716926,139,13
1560481692,287,13
470696070,315,13
123912727,148,13
2285982638,109,13
3180093456,143,13
216940212,173,13
777083114,213,13
2191484615,192,13
44324787,138,13
14807739,197,13
2320619815,121,13
490625409,108,13
471422290,174,13
264538100,300,13
2795151108,192,13
406332336,263,13
858836726,103,13
2948062269,352,13
1039093681,170,13
2273691318,140,13
451397835,366,13
3020165893,224,13
846476335,222,13
14112759,343,13
2675560628,231,13
578916985,181,13
713804306,282,13
48964118,182,13
79328703,175,13
268315167,170,13
96815122,185,13
968059567,219,13
27887098,145,13
237886553,168,13
18735790,214,13
2240095033,285,13
383785250,315,13
382247829,112,13
9664862,240,13
477552640,243,13
18463828,227,13
3068425183,116,13
461010838,123,13
1926394171,255,13
24725275,139,13
25085431,138,13
3069153899,114,13
39030312,179,13
3140211968,86,13
498042431,197,13
964327405,186,13
3300872434,82,13
365622635,210,13
482086639,282,13
17421795,167,13
2351779201,336,13
40219052,266,13
1387135098,361,13
3288028291,289,13
840460058,55,13
348885670,179,13
30062603,386,13
332579042,169,13
350791585,218,13
216305430,222,13
36381609,309,13
1549052863,370,13
2461920925,100,13
1425134526,138,13
481994964,124,13
12623352,225,13
48174034,295,13
475693524,286,13
308554579,271,13
1675170325,289,13
711216631,274,13
11690822,366,13
75522479,275,13
812919140,242,13
227400559,223,13
419617449,260,13
387026133,221,13
83285256,267,12
218071279,164,12
21253156,180,12
602758496,170,12
2384027766,367,12
240362521,217,12
210789285,198,12
206570295,229,12
2409935663,289,12
203583202,328,12
482179475,197,12
45314390,290,12
384753006,261,12
377034315,289,12
363991245,177,12
3637105998,179,12
19335843,311,12
2472109537,326,12
2887479128,191,12
2837440844,178,12
186325236,79,12
1017001452,88,12
259680844,167,12
185390609,231,12
181191283,312,12
213490843,194,12
17225810,173,12
255797289,387,12
1368782322,301,12
117343076,286,12
112090178,244,12
1587037303,128,12
1567476296,146,12
2615998837,263,12
150183040,243,12
2629722555,347,12
1476770959,80,12
14418605,138,12
264801154,358,12
141977425,119,12
34355343,270,12
140138671,377,12
94841494,171,12
1344649519,343,12
90229508,335,12
79928314,367,12
1297400558,92,12
798613004,289,12
128143965,200,12
343931635,276,12
745638440,291,12
706819428,298,12
704248286,236,12
701708133,41,12
62688517,208,12
616602934,309,12
55431252,248,12
54666401,244,12
52314977,293,12
517073805,321,12
498814013,278,12
498358491,168,12
492501987,349,12
49240687,231,12
1081092084,159,12
479506412,123,12
1053161654,339,12
105128951,87,12
435724709,280,12
434731905,180,12
421577024,127,12
318949971,122,12
324379088,287,12
4067937256,43,12
331418316,91,12
38199599,189,12
2283543823,82,12
2275376744,264,12
2248842775,384,12
338284756,219,12
469760228,244,11
491630583,269,11
282727874,363,11
111354647,91,11
633817553,314,11
19646481,391,11
482242692,275,11
2259016411,148,11
104818930,284,11
63501503,158,11
70228722,233,11
71495570,386,11
474043803,194,11
76286424,213,11
3019448191,27,11
127895572,264,11
84114885,116,11
84361482,262,11
858038708,60,11
1070682204,150,11
2732060316,177,11
1333119788,159,11
197336556,156,11
1343220962,163,11
524820621,268,11
2697793964,96,11
566099034,32,11
35942782,220,11
1442867772,326,11
75270480,244,11
1495120194,210,11
1518993158,228,11
152742559,305,11
15622858,115,11
2614587271,227,11
165042220,256,11
423893707,374,11
1027713949,220,11
423666184,286,11
602212821,177,11
2325291331,198,11
2585969946,302,11
2367477707,182,11
1686033637,210,11
4190306474,276,11
415835711,158,11
4141747640,155,11
142239909,192,11
407818010,328,11
232678324,221,11
402979897,117,11
1690030831,185,11
171971541,39,11
2536750700,251,11
401423776,325,11
225281874,134,11
3385862362,311,11
366081148,310,11
2181612314,315,11
392080330,343,11
391614396,144,11
251313896,125,11
2386674962,291,11
183959464,77,11
27725752,71,11
366147882,254,11
2355847777,205,11
283906965,256,11
2469581288,282,11
332699729,319,11
333168046,385,11
54864334,120,11
438756932,83,11
1165440415,308,11
55819049,228,11
2236789484,188,11
562357919,346,11
570601271,267,11
231058132,204,11
573301009,187,11
104491100,172,11
51015996,360,11
57365720,71,11
506055335,209,11
57376225,210,11
2436794876,346,11
453285193,356,11
354796858,188,11
1220305290,265,11
496651835,180,11
354818247,67,11
620191805,209,11
356580095,176,11
63822625,116,11
739043384,181,10
1021811083,48,10
103304208,90,10
105496654,224,10
1056650594,285,10
1096575422,149,10
1133943835,118,10
120082878,138,10
124327640,229,10
1270220785,274,10
132888488,147,10
134526134,150,10
149245813,331,10
1523642533,147,10
1534616766,121,10
1862083502,304,10
202425971,318,10
209262106,288,10
220467586,182,10
2204845260,108,10
2257926470,218,10
232164623,365,10
2331545711,277,10
2353354449,248,10
2356733935,241,10
23748269,327,10
2381167620,357,10
242746743,238,10
253191835,289,10
2540542206,226,10
2572457298,53,10
26261259,79,10
265123754,327,10
2756014000,323,10
27570114,290,10
28605490,296,10
2903346739,205,10
2938551012,122,10
2995201671,123,10
300838107,106,10
31338179,190,10
317005888,339,10
343120924,177,10
346866777,271,10
348430064,142,10
362993719,196,10
37186955,99,10
392247237,163,10
397534181,151,10
401502696,232,10
406814679,102,10
406962616,260,10
408466988,77,10
417280214,203,10
432377556,207,10
43289403,325,10
442075220,131,10
462251578,274,10
474316605,178,10
493919122,290,10
495731957,229,10
562035970,254,10
568955495,178,10
571771309,137,10
572143356,273,10
587931107,213,10
592043234,369,10
613744186,169,10
61513445,288,10
632239930,262,10
635818294,258,10
68940614,221,10
69124342,335,10
69379288,46,10
78967328,223,10
82741018,260,10
881425310,251,10
887636821,246,10
96454595,87,10
970920062,241,10
2391773533,352,10
2398376146,288,10
259773527,185,10
339444631,143,10
365383515,219,10
375299270,151,10
396796142,300,10
405135128,272,10
46961288,341,10
492649414,239,10
493462829,330,10
504803459,134,10
566374197,144,10
578904059,249,10
586584556,125,10
64174539,295,10
750002538,306,10
835763546,154,10
9272142,283,10
255310143,253,9
233032914,220,9
87654715,111,9
2669223349,228,9
63372653,334,9
83390456,104,9
126967628,241,9
248827763,283,9
417807946,30,9
753906162,364,9
418584043,95,9
473417503,259,9
422807985,196,9
1292623788,282,9
3061140416,57,9
2886020913,167,9
531212295,72,9
53114456,136,9
2923624055,171,9
296118251,87,9
340364061,383,9
27241975,162,9
1168487113,209,9
243819894,181,9
29510629,374,9
445913056,276,9
442079113,306,9
425380217,298,9
938775151,89,9
425209420,253,9
2769935615,162,9
44358439,47,9
44526814,171,9
134978414,227,9
2844231958,357,9
3020965143,93,9
1403557327,197,9
791830218,47,9
1450717308,87,9
1456643797,68,9
3016254728,159,9
300996358,276,9
325551297,79,9
1487214566,291,9
595387862,255,9
332214689,86,9
104213670,144,9
1561409924,262,9
161612145,180,9
300442252,185,9
1233652698,268,9
169035705,143,9
541711129,279,9
84302853,87,9
540416380,188,9
177909572,384,9
276983152,296,9
17852114,140,9
61694837,340,9
17992531,101,9
981556177,172,9
264046995,272,9
263842646,147,9
314922007,53,9
388589094,198,9
10492262,229,9
188213023,191,9
122034494,146,9
190591610,237,9
340951450,108,9
102982202,117,9
1031655967,324,9
505959713,300,9
284704195,259,9
50252197,243,9
501094162,106,9
211099583,180,9
1315840890,128,9
767682734,59,9
398090733,226,9
497521332,243,9
567155716,285,9
2166124159,248,9
3384265881,146,9
622618462,88,9
1605128107,193,9
2193114259,325,9
126921664,246,9
2558700766,192,9
222579656,281,9
22407164,102,9
88640630,113,9
1100359458,327,9
2254221422,37,9
2265352238,88,9
328145177,217,9
2309170459,220,9
998131124,243,9
997997443,263,9
904594663,311,9
275325886,279,9
2544880153,205,9
199597851,238,8
304261771,274,8
573690882,130,8
2291374914,261,8
612999090,134,8
763086512,388,8
233890781,101,8
553842839,278,8
95243555,239,8
229875064,207,8
291314239,100,8
960978096,150,8
547477084,59,8
831741072,301,8
965320657,64,8
372835779,253,8
1664238487,306,8
702032586,297,8
2554790467,105,8
2861200834,145,8
498418001,189,8
169779207,109,8
3100871091,331,8
268381386,238,8
62739096,100,8
3170243955,299,8
87334609,320,8
476552395,209,8
211462267,164,8
1372574677,286,8
211709952,117,8
2824442557,258,8
53621838,193,8
3101509017,75,8
755745950,137,8
1733822028,287,8
41785738,203,8
535758794,188,8
809654154,90,8
483073065,107,8
127109283,179,8
407024811,154,8
636764655,217,8
618038687,80,8
2972708023,75,8
349152819,99,8
28363979,87,8
605377564,165,8
24801407,91,8
2378140945,199,8
2160196098,261,8
58702972,327,8
21634018,203,8
130766020,93,8
1001305494,28,8
400412116,211,8
2990291701,297,8
2891962836,96,8
22563955,315,8
2484023400,399,8
2894251059,107,8
183760147,224,8
1307962584,315,8
131043638,31,8
3031860812,258,8
400939896,136,8
312384683,254,8
469128515,96,8
43136801,248,8
283013230,200,8
454318003,281,8
344780239,159,8
2178643974,211,8
561814955,137,8
3070794500,272,8
2630889296,211,8
24352106,81,8
1477585832,181,8
44660556,161,8
125584035,169,8
1882244610,331,8
437392860,214,8
1897930380,367,8
2905689080,284,8
21388359,219,8
3317190734,217,8
190225727,194,8
2514604339,133,8
2728674072,296,8
445761780,180,8
22136015,133,8
353608206,198,8
1342734066,158,8
2868402013,212,8
1348304756,334,8
105158846,145,8
302114763,146,8
191391803,201,8
81239268,248,8
941822652,247,8
50785046,175,8
555411470,332,8
594683175,165,8
1400849420,274,8
192521333,166,8
506892551,113,8
1262434507,150,8
733923254,259,8
1074439423,161,8
2734133342,86,8
3610511,220,8
574959037,356,8
72314098,205,8
1467803281,184,8
3292981394,90,8
951290342,155,8
196179205,61,8
366806549,166,8
610485717,277,8
797268164,164,8
494266249,276,8
225248989,394,8
1497216728,163,8
81393070,173,8
2766841169,311,7
770831810,233,7
770176435,47,7
764731350,212,7
759715687,104,7
277538177,188,7
60811341,176,7
610861270,77,7
71379711,67,7
2840265139,72,7
2807953832,191,7
6775342,224,7
1264637672,173,7
2817888651,310,7
1269835369,29,7
353556149,96,7
135248338,212,7
1355537995,244,7
140018040,98,7
1434623629,148,7
143599785,165,7
359926634,344,7
361746019,179,7
1465100186,109,7
14851579,248,7
14958182,320,7
368675577,198,7
15084319,162,7
369911039,293,7
153690249,353,7
1559643193,207,7
16570956,81,7
1664307984,225,7
3237515738,158,7
17085112,43,7
382361714,85,7
178629201,180,7
185771893,186,7
19478719,230,7
1132376958,191,7
1977477584,277,7
211397444,223,7
2990948929,155,7
21770069,93,7
110087402,132,7
221964205,91,7
2983156296,273,7
226923750,67,7
1143583040,352,7
995452020,148,7
4116007695,98,7
2331598592,97,7
415021649,172,7
83296294,61,7
416802154,269,7
710259321,231,7
2362812823,309,7
420253558,318,7
585849333,170,7
116538160,98,7
502774039,61,7
100459808,288,7
242319331,24,7
454183646,149,7
453885595,229,7
295722548,134,7
440311767,250,7
44321730,354,7
412325725,65,7
101503282,274,7
246128588,148,7
450860458,311,7
45562154,156,7
351621566,128,7
2469738596,308,7
45778279,304,7
2923333680,216,7
460232733,115,7
2886779494,134,7
2484688494,103,7
2487831288,218,7
2771923762,173,7
473043012,255,7
102589750,189,7
24883323,319,7
29396889,181,7
2451451182,141,7
2500522076,335,7
2391776040,139,7
482981498,70,7
483227930,175,7
484613799,150,7
487275447,49,7
49007031,148,7
2528822924,153,7
2251504327,273,7
2202044150,293,7
2540601979,193,7
185165914,189,7
14290542,258,7
2567206992,132,7
1421737704,166,7
2568431617,175,7
1189056510,84,7
2602920025,146,7
262199092,180,7
2675222804,356,7
26771352,261,7
523653988,228,7
343473585,120,7
30429133,237,7
968446106,44,7
545269203,161,7
1033055161,176,7
546312443,265,7
54867711,139,7
948150980,77,7
27165736,340,7
2718570906,195,7
91752355,107,7
898732788,335,7
103562230,249,7
2735506782,212,7
107991930,126,7
82523340,196,7
274917389,137,7
819790166,112,7
28588774,184,7
27493957,123,7
807804577,204,7
805436466,283,7
80000814,361,7
487416678,284,6
488525613,39,6
2300173172,179,6
2323069159,126,6
132621562,68,6
282738890,86,6
2288867162,150,6
1096555944,163,6
2269218732,231,6
724632068,113,6
624223536,296,6
214678407,219,6
113487244,156,6
10352582,267,6
2246856132,89,6
2007021,333,6
2235431615,158,6
117928569,158,6
403461794,73,6
281403145,243,6
1669189561,92,6
2223969871,151,6
218432384,112,6
327510902,165,6
154624409,56,6
1544322560,240,6
2182611791,336,6
67529607,210,6
275183383,71,6
345197864,98,6
217433376,128,6
215992174,136,6
497557514,182,6
3987939853,144,6
619744784,190,6
398442529,212,6
397629967,246,6
257111136,94,6
397494847,362,6
499933271,124,6
2573439865,171,6
20849470,61,6
204444302,100,6
1954448478,72,6
2585393083,290,6
19368233,36,6
1179541274,44,6
394135675,200,6
39288051,219,6
346829273,168,6
113134931,36,6
1913843024,132,6
3116708222,180,6
299271462,234,6
274002752,187,6
2604530259,151,6
26133560,91,6
2906620768,97,6
26192354,30,6
1901595415,103,6
1059054242,399,6
1901195994,340,6
187262210,139,6
3258324619,164,6
384547005,175,6
183511605,262,6
280306114,366,6
83585169,180,6
571602303,64,6
707697690,194,6
180573776,121,6
2998417670,72,6
381384396,88,6
537841059,131,6
601192738,78,6
2793360007,154,6
171972995,173,6
379728710,136,6
170642321,163,6
1676639478,247,6
826579765,107,6
166211662,284,6
345813518,161,6
77558505,347,6
96146127,45,6
546885822,161,6
406150965,206,6
43870029,164,6
440901699,335,6
397034400,87,6
376012638,349,6
270646246,213,6
246208736,248,6
1624682809,326,6
1177471489,191,6
352825934,98,6
352822866,217,6
324020939,201,6
455950099,208,6
8029522,295,6
46841328,389,6
470394724,272,6
158859711,108,6
157982762,206,6
50327694,103,6
369223407,307,6
1484793769,268,6
524836438,168,6
551611541,98,6
948824810,230,6
240561724,252,6
2476205954,273,6
604961774,284,6
338151653,326,6
2480413705,337,6
6175692,110,6
138449260,321,6
345505380,170,6
557215750,130,6
2771573990,332,6
136245387,234,6
114467204,123,6
2347977979,297,6
834141984,244,6
35413411,255,6
1336097480,185,6
133387350,26,6
234715592,120,6
413233876,171,6
33651270,400,6
335208230,170,6
2482378631,284,6
559486409,301,6
479258753,244,6
715457424,167,6
244530155,105,6
102760709,274,6
560990422,209,6
353011489,166,6
996130794,280,6
483204176,221,6
74707817,119,6
1032386005,219,6
2787096553,136,6
2980901837,134,6
2337952426,92,6
409568090,141,6
3319872952,222,6
52108988,106,5
33747826,26,5
338254192,224,5
3060478163,56,5
338286563,184,5
341169083,74,5
1112944590,237,5
352909198,139,5
36765234,352,5
36874110,342,5
1102593332,218,5
378814988,42,5
379176983,102,5
379472749,158,5
381523148,391,5
2994985944,98,5
110122113,273,5
392676979,27,5
394628127,228,5
407302551,42,5
408087080,191,5
41135292,315,5
413056775,136,5
2977717281,234,5
297023247,37,5
425878819,57,5
295578583,162,5
434832511,152,5
45100798,304,5
464014539,92,5
293212315,158,5
491391312,41,5
494006512,46,5
495378971,68,5
291477346,190,5
50684694,265,5
50957441,234,5
512155932,324,5
512455607,214,5
516737722,36,5
517686267,74,5
52474890,199,5
53863574,18,5
543842787,77,5
2874620795,276,5
558782771,346,5
562984758,206,5
5682702,76,5
588147020,51,5
59689509,65,5
605521007,168,5
609101738,180,5
621429721,138,5
623407119,79,5
634704287,116,5
66949187,183,5
281234838,30,5
69991603,93,5
722214212,41,5
732621438,135,5
27679500,107,5
8072492,271,5
813844694,358,5
836479597,352,5
838091869,197,5
2749027972,80,5
84214494,246,5
850152661,55,5
85305729,154,5
888376710,100,5
88930901,85,5
898218318,63,5
934466887,111,5
954799494,259,5
961125284,171,5
965192557,90,5
2697960505,105,5
967983056,276,5
971629717,228,5
97451169,95,5
977265403,246,5
2595110809,325,5
102895387,117,5
107821380,178,5
2580511047,189,5
123582130,115,5
137390297,84,5
256689270,124,5
1668189836,272,5
1853487314,191,5
2555419261,350,5
198678682,219,5
21425831,282,5
2394896371,340,5
2444856434,292,5
2483152884,204,5
2890723418,237,5
2470014818,193,5
3116720165,262,5
246621170,99,5
2457848317,197,5
386333906,127,5
2455018318,61,5
1016015984,148,5
405611085,257,5
245152155,103,5
45307775,237,5
243452188,76,5
1011395167,310,5
493596397,259,5
1002533372,197,5
550428173,154,5
238665139,210,5
581866430,147,5
58394645,134,5
60287101,57,5
604518391,282,5
2360378178,70,5
71318808,57,5
2349578599,70,5
956829350,348,5
988985683,93,5
990963038,103,5
2310333698,283,5
2287761206,200,5
22840934,79,5
2281281613,256,5
225060606,94,5
2210140580,285,5
2209565230,232,5
219487526,25,5
2193190099,230,5
214967682,190,5
209559462,220,5
208913421,111,5
1965375458,73,5
18874774,85,5
18764906,392,5
1860371966,190,5
184899969,183,5
171958370,34,5
1717666435,45,5
171691600,65,5
1715241043,90,5
170923442,132,5
170352080,277,5
1682374855,153,5
166094049,119,5
163932767,276,5
158821864,168,5
1576039274,133,5
1574855022,176,5
1571050015,288,5
156039467,303,5
152661729,359,5
152644666,222,5
1518279440,153,5
14867242,83,5
14824425,100,5
14573824,142,5
1409004344,103,5
132983450,66,5
1306882627,83,5
1212975186,309,5
120562410,116,5
1200888036,80,5
1167773802,251,5
1114707913,289,5
30731587,149,5
22812325,130,4
68566691,82,4
81352611,400,4
151832482,167,4
985768968,142,4
327397233,400,4
796144921,44,4
3329528505,48,4
751241954,115,4
578423244,343,4
1532869387,184,4
370263238,170,4
96109716,27,4
327164781,221,4
342957744,74,4
2562353909,96,4
3140424071,251,4
255912008,223,4
348080571,139,4
495283255,140,4
961773920,49,4
96319587,106,4
255846106,78,4
409297732,161,4
16002194,389,4
1669422294,255,4
2557136665,147,4
1723166832,192,4
928613839,253,4
57791793,219,4
288255849,146,4
792462121,155,4
121905658,84,4
1624666039,323,4
1920007904,189,4
3875295622,205,4
1174404932,81,4
106787019,159,4
594142749,147,4
493941903,89,4
64585874,170,4
925532102,18,4
282523842,60,4
164074870,254,4
125218383,50,4
884743057,146,4
922305175,19,4
61794519,42,4
88515231,97,4
491673056,238,4
2326631202,306,4
2535527754,118,4
29552151,75,4
88528666,98,4
310401703,109,4
705091824,31,4
2765166293,152,4
293548550,161,4
413461232,300,4
2300612154,133,4
268101774,89,4
1304624581,273,4
2334997532,62,4
435045600,85,4
130862744,75,4
379121297,97,4
427791119,208,4
2339717389,204,4
245306807,165,4
982457101,84,4
3242431857,121,4
323645838,367,4
2679802405,61,4
250842076,159,4
2441178896,75,4
381753637,327,4
3033858666,169,4
601942084,248,4
572969576,273,4
1082796816,31,4
2998397201,113,4
413605766,30,4
477824021,76,4
1258379012,57,4
115785153,154,4
242123621,128,4
3028997653,98,4
182606756,238,4
587271182,59,4
427142258,207,4
254607817,119,4
1343441293,301,4
344675728,80,4
3234273907,178,4
1347167636,121,4
262898875,246,4
2941150861,115,4
52491055,393,4
3021545411,80,4
1895160985,143,4
2668485740,138,4
390730174,33,4
1902145598,94,4
516091870,256,4
27244453,316,4
2615353014,176,4
394281508,171,4
1948867633,40,4
526702246,29,4
2606949881,330,4
564336147,131,4
1963049964,71,4
944979661,93,4
1353072290,61,4
28366268,222,4
1964221856,49,4
465013390,308,4
529342153,86,4
463889910,38,4
463503341,100,4
561845963,292,4
1378532629,169,4
313789678,104,4
2419936286,342,4
115340992,102,4
1394692622,93,4
310250028,183,4
2893783443,265,4
357961117,199,4
1967103792,91,4
1978992043,145,4
202326763,75,4
901875258,81,4
140033231,84,4
3019055223,66,4
2966827845,167,4
714550385,120,4
208664282,190,4
3007416344,231,4
3044923343,225,4
30451290,17,4
51153998,338,4
947255689,60,4
3119665997,9,4
103087081,111,4
240821668,37,4
144774872,156,4
145583439,327,4
783425629,147,4
2989316931,170,4
217232725,93,4
90638768,86,4
294996484,352,4
2175037701,249,4
3307702109,34,4
3308496744,103,4
706305578,184,4
3669091452,95,4
587665339,238,4
989957600,286,4
340313456,278,4
1119146862,303,4
2799099042,300,4
2211927324,152,4
4027111173,142,4
596665611,147,4
122484275,209,4
417735070,102,4
3008769098,89,4
83991923,214,4
40673360,207,4
117030671,182,4
285724171,238,4
2579534268,160,4
102034928,139,4
150993495,291,4
856270100,46,4
1018511592,77,4
407212798,162,4
22600059,37,4
2273502326,301,4
450747981,71,3
2242993111,168,3
365297032,264,3
71762592,252,3
329361249,249,3
493747804,216,3
278866572,244,3
228599159,77,3
1143470466,348,3
2307118248,44,3
2793173572,125,3
77441233,110,3
933709428,164,3
3158349782,141,3
2316260946,140,3
245287897,280,3
23295435,252,3
410719897,79,3
708035550,309,3
425767265,18,3
986498262,316,3
985509799,8,3
243850570,319,3
441497987,332,3
1132139449,50,3
286790717,120,3
706926695,55,3
2332555379,129,3
2980536597,62,3
2433591068,69,3
4166710393,211,3
75386921,132,3
751737240,175,3
708484592,340,3
2360728478,175,3
418633045,269,3
480790768,129,3
2363692152,272,3
1245621752,75,3
420915061,301,3
492728332,125,3
1129520276,40,3
42173055,159,3
503771485,322,3
944648335,100,3
585912212,195,3
1000486495,59,3
42642152,46,3
1244458130,298,3
2405965787,146,3
28706697,54,3
2872359762,113,3
2800412189,303,3
27119540,230,3
76612795,60,3
271032827,21,3
621508569,47,3
547336911,175,3
67006908,145,3
1240102604,144,3
1268970468,218,3
66789784,72,3
765917083,304,3
281685368,279,3
268366600,275,3
276768643,244,3
970505658,118,3
804830348,78,3
34897604,85,3
274553355,111,3
129214047,155,3
349612774,165,3
53414756,41,3
2741318910,101,3
2900215557,162,3
264916005,117,3
132569641,63,3
2739587275,114,3
133977689,269,3
2906062124,124,3
2907385266,188,3
355033937,275,3
35551388,146,3
135693647,209,3
1385409996,138,3
1388623428,19,3
1395091087,102,3
359370934,55,3
140356430,121,3
143990497,69,3
1446851233,107,3
1468885260,304,3
301159074,72,3
331257657,46,3
1490237024,363,3
853990454,163,3
1495594020,247,3
1169114810,30,3
369537903,346,3
2572621399,228,3
307790129,167,3
2914307568,58,3
568841497,91,3
286126462,84,3
737734728,92,3
1552210417,132,3
108425531,210,3
1578638418,273,3
3713829252,104,3
160557792,69,3
794598979,54,3
3262737960,49,3
1723891957,140,3
86805382,174,3
185178011,15,3
160302029,272,3
735779108,119,3
199147059,38,3
37204587,143,3
163523407,141,3
2276818190,173,3
1662017995,233,3
3726874400,341,3
377304816,77,3
490535839,372,3
2522367901,55,3
2294138446,122,3
2863376295,43,3
230348092,109,3
2334993099,75,3
2514678910,294,3
169157567,215,3
3246120194,84,3
38002859,228,3
1712224658,332,3
293743791,301,3
480279324,81,3
293853413,192,3
176469051,86,3
382624095,188,3
182276961,92,3
182592178,177,3
249692862,156,3
38433789,54,3
1838636550,80,3
184273398,129,3
323327904,74,3
1874015534,157,3
475316805,58,3
3192686232,150,3
192370109,157,3
1947320929,67,3
2730458366,320,3
471512676,314,3
466762451,375,3
890871740,15,3
2777859517,46,3
2885778932,256,3
12287842,117,3
718902926,298,3
1965238770,379,3
78350498,171,3
2892945726,54,3
2943664510,76,3
206326866,44,3
3006064373,99,3
206329613,23,3
3953332753,145,3
2726879335,74,3
309461019,137,3
3122666452,238,3
2468059238,60,3
212292079,86,3
400088165,102,3
321282277,44,3
589022162,92,3
3386628340,100,3
2467442030,39,3
400983194,124,3
718684188,51,3
2985852925,90,3
29485766,57,3
2234848961,184,3
406524900,336,3
2238512887,54,3
363613274,144,3
16484978,125,2
1082746016,25,2
1241381473,105,2
841859053,42,2
2746337628,94,2
85067793,84,2
85677419,93,2
857270408,81,2
86235989,28,2
88101280,85,2
883813284,259,2
567106691,86,2
1232534634,155,2
9011502,80,2
56321548,261,2
286690782,56,2
932014148,138,2
93629172,34,2
940468154,301,2
557616612,42,2
947759960,58,2
554958519,314,2
55291753,83,2
955966339,149,2
2881514381,162,2
545881939,100,2
96727791,108,2
540207013,49,2
1032838123,30,2
329008715,93,2
2680793168,214,2
2669288630,44,2
264174172,42,2
263395921,87,2
1191506041,332,2
112232553,37,2
112295272,143,2
499996521,41,2
136633988,187,2
118197667,17,2
49709134,232,2
49683347,15,2
14244447,72,2
2918581380,238,2
494395788,245,2
18527544,127,2
1921565318,292,2
33764583,142,2
3312511473,31,2
2538555508,66,2
490440829,90,2
251518992,106,2
48896966,123,2
244733954,171,2
2482903400,228,2
2770265184,258,2
2942835475,56,2
46546834,134,2
2837521193,46,2
462971394,16,2
1091884188,211,2
461572767,47,2
2963287552,23,2
3045548305,9,2
313028442,76,2
3200944072,2,2
3312287280,113,2
45603460,32,2
374935732,228,2
114370111,106,2
396389071,118,2
1141299306,221,2
447309305,80,2
397236414,33,2
445345005,81,2
405281604,185,2
424328175,310,2
24386710,74,2
433319326,175,2
454200724,137,2
468066235,164,2
2429723097,196,2
24295753,261,2
428213157,60,2
505440359,308,2
52792194,87,2
551659692,57,2
2407501640,97,2
2381253750,223,2
58017998,113,2
42339113,251,2
313928644,74,2
2371328420,96,2
604758810,54,2
2971276314,178,2
2973666916,156,2
3146523464,145,2
780431689,7,2
1095958825,11,2
2979585982,175,2
87029466,11,2
92225723,133,2
12765892,194,2
95760717,65,2
98596642,200,2
409503051,67,2
2320645218,240,2
2312903347,39,2
2311146085,25,2
3158914118,25,2
3161171948,13,2
227055399,234,2
2267991852,252,2
2266954628,189,2
2248762537,235,2
22437394,116,2
2984238372,275,2
4011161172,65,2
400802777,191,2
2157440777,75,2
215545290,52,2
2152052819,291,2
3100554872,89,2
110118205,94,2
208147488,252,2
207138462,27,2
394990669,161,2
394726610,44,2
3093137437,32,2
29910264,236,2
1935516248,64,2
192912616,52,2
393190638,173,2
192499649,69,2
392349274,140,2
391778402,119,2
391362651,34,2
1896488527,139,2
1890978697,4,2
188615999,209,2
1877304734,210,2
3197629148,65,2
17588849,104,2
17294882,89,2
1727495887,84,2
3324245616,192,2
1715023975,257,2
3087465981,10,2
379274779,179,2
16927266,6,2
1691697900,94,2
1682290266,255,2
1678138165,110,2
167639858,66,2
1661700032,150,2
166046142,100,2
1658632219,72,2
1658247169,96,2
1641056737,83,2
1630615782,84,2
1587171373,115,2
1587069900,31,2
3069240720,139,2
1495947138,102,2
36836217,324,2
14905688,207,2
1475800022,182,2
1105558410,49,2
1458360991,80,2
3017831314,76,2
359572064,166,2
143153117,162,2
1404817634,51,2
139321563,147,2
138472981,263,2
355600495,18,2
135176594,177,2
3023728826,106,2
30750923,164,2
349342823,172,2
127110363,91,2
110928853,245,2
629919354,226,2
632045063,71,2
628563,43,2
3041232600,241,2
62408560,254,2
2810008564,30,2
68123840,48,2
1048631647,84,2
1046762064,206,2
2841340464,108,2
2841853914,117,2
609496197,165,2
738612918,15,2
601256893,377,2
599844379,65,2
595584728,283,2
595089709,206,2
59279806,300,2
1065256472,157,2
78719596,100,2
104451533,157,2
794155152,97,2
27582887,17,2
2757583450,168,2
578727389,270,2
2225775155,184,1
69654626,85,1
498935613,55,1
39588706,19,1
151602547,128,1
1511686806,298,1
118504705,117,1
1894751762,23,1
305553835,43,1
210688242,120,1
2762444463,11,1
74602378,64,1
1124327604,31,1
81305759,134,1
21026345,148,1
1147652996,14,1
279369388,140,1
390428793,86,1
258754118,333,1
3283400828,147,1
147630373,168,1
756782954,24,1
258762800,3,1
3188365045,108,1
1466703355,23,1
75777355,115,1
286059321,81,1
59770627,155,1
560223770,111,1
2214188491,59,1
24910515,77,1
389890902,99,1
107295690,183,1
259586390,317,1
2593793134,185,1
1239749712,97,1
3887070673,72,1
294715157,15,1
14300066,343,1
14196068,325,1
476691783,264,1
2546760463,68,1
1408968848,8,1
3847320734,31,1
1192626410,347,1
183559621,118,1
477006767,101,1
183247631,105,1
69729809,172,1
1263018109,78,1
139956067,175,1
293946831,122,1
182211050,89,1
139382900,210,1
4068221660,23,1
114849265,143,1
1220963168,21,1
204299339,293,1
842829588,79,1
383387954,120,1
513406783,161,1
1377385290,114,1
137666026,192,1
477989973,20,1
2748423234,105,1
24510304,193,1
557639325,50,1
135554110,211,1
458632493,211,1
2561813863,41,1
102422355,112,1
1352111719,6,1
571579758,175,1
2619891104,202,1
354206693,49,1
1164265063,48,1
459937526,69,1
3365209246,42,1
521131145,86,1
3534004638,20,1
612645350,37,1
197400952,32,1
2646299108,27,1
264744377,191,1
1321364888,67,1
132104173,105,1
1969038289,66,1
2174730115,348,1
28962012,140,1
3061358054,24,1
977387497,218,1
2894295673,39,1
2719281767,133,1
48292264,130,1
120138281,240,1
91086879,51,1
124646986,82,1
975603631,2,1
2936733162,11,1
563875863,234,1
68800287,103,1
949874611,83,1
311262395,283,1
484731323,36,1
1703075480,88,1
2223496619,130,1
1964599820,107,1
110942781,4,1
610388964,149,1
485873421,181,1
423649561,12,1
426932675,114,1
216790973,101,1
3288842234,39,1
1963501656,211,1
3108634166,166,1
2380148790,52,1
428202366,59,1
46695342,115,1
771812148,92,1
394475545,115,1
428904234,48,1
630850008,25,1
772157005,101,1
101098094,193,1
271242521,246,1
3148380487,42,1
216361529,311,1
725451396,194,1
1053216716,71,1
4194644729,5,1
2725087704,94,1
480748987,225,1
378376315,101,1
64254224,323,1
2433146611,5,1
2958717386,48,1
418247241,136,1
71074298,61,1
470005979,225,1
2930952618,177,1
394217175,31,1
492177690,20,1
727580406,212,1
751950187,142,1
331930998,8,1
89699349,78,1
4179350774,68,1
123209387,35,1
609166669,224,1
942445988,117,1
400264347,232,1
1655718626,39,1
282616462,28,1
41463548,93,1
456426689,123,1
1654056680,263,1
1649895942,132,1
2236885646,160,1
4138138633,4,1
292913844,60,1
333005444,169,1
1645989175,104,1
16459227,102,1
436437627,110,1
2953622813,36,1
567591601,96,1
1093553114,199,1
455340385,320,1
325967359,156,1
31523146,72,1
279461605,278,1
1214857692,323,1
2733873854,209,1
437721739,11,1
625400643,32,1
42580296,238,1
987245388,19,1
3324904868,82,1
1919094559,199,1
424273053,45,1
412798449,202,1
1620466530,272,1
412604603,47,1
221898604,26,1
409477898,254,1
1604160445,296,1
2324994222,73,1
338055297,247,1
292565648,107,1
1599782558,230,1
2807614563,6,1
2311184364,91,1
30566308,59,1
405167133,314,1
408707585,127,1
396900261,119,1
2291421004,251,1
573749510,35,1
392792633,86,1
1583243996,32,1
3061549116,293,1
938838264,56,1
495507361,23,1
385226809,138,1
3265353439,182,1
32682158,57,1
245812733,385,1
22710614,6,1
2881579295,25,1
2269483532,55,1
407964674,34,1
2982601051,57,1
3082505088,191,1
37066636,110,1
407225208,129,1
2261845596,39,1
2218471903,87,1
3008039238,209,1
1553611423,136,1
312366071,181,1
1536909666,50,1
2916420536,76,1
266900678,288,1
399572723,180,1
390972554,128,1
2257069046,153,0
1097557525,46,0
375209946,102,0
283036840,79,0
572838091,80,0
4494944719,21,0
2462856456,5,0
4552933181,71,0
352200933,16,0
2230659451,17,0
403766373,38,0
2983371691,1,0
2223199237,32,0
283914149,114,0
221689793,121,0
2465687235,63,0
3325432584,140,0
3171154469,115,0
3179001127,4,0
343743987,71,0
2188155468,18,0
2187391320,54,0
402034337,14,0
298752527,161,0
323288281,27,0
319848813,108,0
3997778774,99,0
2159707566,242,0
619201618,18,0
573221967,50,0
57549666,196,0
3986746283,75,0
3007221672,11,0
3006132699,22,0
587826392,200,0
201390529,108,0
614467617,37,0
1967918335,30,0
1966159524,6,0
2473550875,1,0
28367714,14,0
2765167353,3,0
2941331162,54,0
70557274,102,0
2733227221,81,0
1925580938,155,0
939438061,14,0
1091396210,6,0
19169423,29,0
1916380340,37,0
2991390654,43,0
1856665320,32,0
2714844633,19,0
266853959,174,0
713267078,17,0
266794738,186,0
613080314,132,0
1890821762,268,0
266560801,14,0
2992735788,149,0
187536784,91,0
2573468022,19,0
2495558156,24,0
2484523928,89,0
181152803,82,0
2997568550,18,0
383684750,39,0
178723576,174,0
2450759503,29,0
2718118608,82,0
27327680,37,0
1083991861,72,0
172393943,68,0
1719992982,167,0
299990409,93,0
306866704,196,0
2511944460,29,0
61198155,39,0
170217521,82,0
485273674,183,0
3004254638,114,0
3321861183,5,0
27785160,36,0
1680440839,38,0
791874462,36,0
378570257,29,0
1676579581,58,0
1671101821,217,0
2195466974,8,0
1658187564,52,0
3726614179,20,0
16551714,90,0
164940888,84,0
29267129,64,0
108544977,59,0
19973780,16,0
371672020,113,0
371557860,118,0
1057015448,365,0
1558984046,178,0
1540042063,25,0
496168830,129,0
1534906297,226,0
338558835,108,0
498054058,7,0
605543304,86,0
152077459,21,0
2912697002,1,0
1170919316,282,0
14962822,163,0
258201974,108,0
3676578139,68,0
2911968423,13,0
107719682,400,0
3016601638,148,0
1461336158,71,0
3284518242,12,0
3438727318,50,0
2910412508,51,0
3018133003,167,0
2907579835,94,0
3018528922,1,0
57591732,19,0
141669233,106,0
3286321634,2,0
570479207,65,0
3071904865,52,0
140191830,290,0
3949010962,54,0
301385617,63,0
293953135,27,0
29041319,41,0
230732954,14,0
2857420840,204,0
165577958,209,0
1386010838,174,0
2595828119,39,0
357747403,44,0
136368506,67,0
135805452,56,0
2644591095,119,0
514061230,4,0
517625408,73,0
3071424482,91,0
769339466,7,0
3024461758,23,0
769388442,36,0
1320009336,266,0
1319382349,60,0
980531466,6,0
3037199234,7,0
3298120789,11,0
130663000,240,0
129966627,395,0
1279160827,178,0
127251210,167,0
426334161,393,0
332738908,76,0
566576689,80,0
592252867,88,0
567764993,124,0
549549339,40,0
348981732,22,0
1116630582,85,0
2966578566,123,0
4012166847,37,0
2419965872,163,0
770877740,144,0
603691239,5,0
2370725665,270,0
4203016035,41,0
617872589,10,0
2425786212,44,0
2429671352,155,0
3143061484,2,0
541959150,130,0
2903774120,30,0
2433282997,138,0
469595996,91,0
2359388502,22,0
46928242,54,0
3062470474,2,0
43126168,1,0
632681284,26,0
632685533,10,0
109577056,58,0
454540684,60,0
2218930639,112,0
830276562,374,0
1094680927,98,0
2957667296,6,0
880761,5,0
2827142990,18,0
2851948027,57,0
929410398,17,0
956717191,161,0
413255529,321,0
3061671511,1,0
3154356636,4,0
2950734967,28,0
41062153,399,0
269102797,73,0
44335261,185,0
2949559526,98,0
82841878,221,0
2874745180,29,0
269193431,83,0
1219247983,60,0
4087003520,15,0
408637014,45,0
2700210578,47,0
67044273,2,0
3067452169,74,0
227817668,89,0
377287901,104,0
572204901,98,0
960320034,121,0
44850701,28,0
37539436,76,0
